"hd-no.","transcription","work status","province / Italic region","country","ancient find spot","modern find spot","find spot (village, street, etc.)","chronological data","literature","coordinates (lat,lng)","type of monument","type of inscription","material","commentary"
"HD000405","C(aio) Annaeo [N]onano / Arn(ensi) Qu[a]rtiano / decurion[i p]agg(orum) viro / principal[i o]mnibus ho/noribus in [sua] civitate fun/cto et in pa[tria]m liberali/[tate ---] imp[en]s[is ------","provisional","Africa Proconsularis","Tunisia","","Hr. Sliman","","151 AD - 230 AD","AE 1982, 0929. (B)  N. Ferchiou, CT 29, 1981, 446-451; fig. 1. (C) - AE 1982.  AE 1989, 0779. ","","statue base","honorific inscription","","(B): AE, Z. 1: [N]oniano. Ferchiou setzt Geehrten mit C. Annaeus Nonanus Quartianus Pius (CIL 8, 23113a) gleich. (C): Datierung: Ende 2. - 3.Jh. Sek. Verwendung der Statuenbasis."
"HD000715","[L(ucio) Ceionio] Commodo Sex(to) Vettuleno Civica Pompeiano co(n)s(ulibus) a(nte) d(iem) V Idus Iun(ias) / [Lanuvii in] templo Antinoi in quo L(ucius) Caesennius Rufus / [patronu]s municipi conventum haberi iusserat per L(ucium) Pompeium / [---]um q(uin)q(uennalem) cultorum Dianae et Antinoi pollicitus est se / [conl]aturum eis ex liberalitate sua HS XV (quindecim) m(ilium) n(ummum) usum die / [natal]is Dianae Idib(us) Aug(ustis) HS CCCC(quadringenos) n(ummos) et die natalis Antinoi V K(alendas) / [Dec(embres)] HS CCCC(quadringenos) n(ummos) et praecepit legem ab ipsis constitutam sub tetra/[stylo A]ntinoi parte interiori perscribi in verba infra scripta / [M(arco) Antonio Hiber]o P(ublio) Mummio Sisenna co(n)s(ulibus) Kal(endis) Ian(uariis) collegium salutare Dianae / [---] et Antinoi constitutum L(ucio) Caesennio L(uci) f(ilio) Qui(rina) Rufo dic(tatore) III idemq(ue) patr(ono) / kaput ex s(enatus) c(onsulto) p(opuli) R(omani) / quib[us permissum est co]nvenire collegiumq(ue) habere liceat qui stipem menstruam conferre vo/len[t ad facienda sa]cra in it(!) collegium coeant neq(ue) sub specie eius collegi nisi semel in men/se c[oeant stipem con]ferendi causa unde defuncti sepeliantur / [quod fa]ust[um fe]lix salutareq(ue) sit Imp(eratori) Caesari Traiano Hadriano Aug(usto) totiusque / [do]mus [Aug(usti)] nobis [n]ostris collegioq(ue) nostro et bene adque(!) industrie contraxerimus ut / [e]xitus d[efu]nctorum honeste prosequamur itaq(ue) bene conferendo universi consentire / debemus u[t long]o tempore inveterescere possimus tu qui novos in hoc collegio / intrare vole[s p]rius legem perlege et sic intra ne postmodum queraris aut heredi tuo / controver[si]am relinquas // lexs(!) collegi / [plac]uit universis ut quisquis in hoc collegium intrare voluerit dabit kapitulari nomine / HS C n(ummos) et vi[ni] boni amphoram item in menses sing(ulos) a(sses) V item placuit ut quisquis mensib(us) / contin[ui se]x(?) non pariaverit et ei humanitas acciderit eius ratio funeris non habebitur / etiamsi [tes]tamentum factum habuerit item placuit quisquis ex hoc corpo/re n(ostro) pariatu[s] decesserit eum sequentur ex arca HS CCC n(ummi) ex qua summa decedent exe/quiari nomine HS L n(ummi) qui ad rogus(!) dividentur exequiae autem pedibus fungentur / item placuit quisquis a municipio ultra milliar(ium) XX decesserit et nuntiatum fuerit eo exire debebunt / electi ex corpore n(ostro) homines tres qui funeris eius curam agant et rationem populo reddere debebunt / sine dolo m[al]o et si quit(!) in eis fraudis causa inventum fuerit eis multa esto quadruplum quibus / [funeraticium] eius dabitur hoc amplius viatici nomine ultro citro sing(ulis) HS XX n(ummi) quodsi longius / [a municipio su]pra mill(iarium) XX decesserit et nuntiari non potuerit tum is qui eum funeraverit testa/[tor rem tabu]lis signatis sigillis civium Romanor(um) VII et probata causa funeraticium eius sa/[tis dato ampli]us neminem petiturum deductis commodis et exequiario e lege collegi dari [ei debebit a n(ostro) co]llegio dolus malus abesto neque patrono neque patronae neque d[omino] // neque dominae neque creditori ex hoc collegio ulla petitio esto nisi si quis testamento heres / nomina[tu]s erit si quis intestatus decesserit is arbitrio quinq(uennalis) et populi funerabitur / item placuit q[ui]squis ex hoc collegio servus defunctus fuerit et corpus eius a domino dominav[e] / iniquitatae sepulturae datum non fuerit neque tabellas fecerit ei funus imag[ina]/rium fiet item placuit quisquis ex quacumque causa mortem sibi adsciveri[t] / eius ratio funeris non habebitur / item placuit ut quisquis servus ex hoc collegio liber factus fuerit is dare debebit vini [bo]/ni amphoram item placuit quisquis magister suo anno erit ex ordine al[bi] / ad cenam faciendam et non observaverit neque fecerit is arcae inferet HS XXX n(ummos) / insequens eius dare debebit et is eius loco restituere debebit / ordo cenarum VIII Id(us) Mar(tias) natali Caesenni[---] patris V Kal(endas) Dec(embres) nat(ali) Ant[inoi] / Idib(us) Aug(ustis) natali Dianae et collegi XIII K(alendas) Sept(embres) na[t(ali) Caes]enni Silvani fratrais(!) pr(idie) N[onas ---] / natali Corneliae Proculae matris XIX K(alendas) Ian(uarias) na[tal(i) Cae]senni Rufi patr(oni) munic[ipi] / magistri cenarum ex ordine albi facti qu[oqu]o ordine homines quaterni ponere debeb[unt] / vini boni amphoras singulas et panes a(ssium) II qui numerus collegi fuerit et sardas n[u]/mero quattuor strationem caldam cum ministerio / item placuit ut quisquis quinquennalis in hoc collegio factus fuerit is a sigillis eius temporis / quo quinquennalis erit immunis esse debebit et ei ex omnibus divisionibus partes dupl[as] / dari item scribae et viatori a sigillis vacantibus partes ex omni divisione sesquip[las] / dari placuit / item placuit ut quisquis quinquennalitatem gesserit integre ei ob honorem partes se[squi]/plas ex omni re dari ut et reliqui recte faciendo idem sperent / item placuit ut quis quid queri aut referre volet in conventu referat ut quieti et / hilares diebus sollemnibus epulemur / item placuit si quisquis seditionis causa de loco in alium locum transierit ei multa es/to HS IIII n(ummum) si quis autem in obprobrium(!) alter alterius dixerit aut tu[mul]/tuatus fuerit ei multa esto HS XII n(ummum) si quis quinquennali inter epul[as] / obprobrium(!) aut quid contumeliose dixerit ei multa esto HS XX n(ummum) / item placuit ut quinquennalis sui cuiusque temporis diebus sollemn[ibus ture] / et vino supplicet et ceteris officiis albatus fungatur et die[bus natalibus] / Dianae et Antinoi oleum collegio in balinio publico pon[at antequam] / epulentur","provisional","Latium et Campania (Regio I)","Italy","Lanuvium","Lanuvio","öffentliches Bad","9. 5. 136 AD","AE 1983, 0181.  F.M. Ausbüttel, Untersuchungen zu den Vereinen im Westen des römischen Reiches (Kallmünz 1982) 23-29.  CIL 14, 02112. (B)  ILS 7212. (B)  G. de Manteyer, MEFR 18, 1898, 271-280; Taf. 7 u. 8. ","41.674696,12.697580","tabula","public legal inscription","Marmor","Lex collegii mit einem Auszug aus einem senatus consultum. Im CIL als früher vorhanden gekennzeichnete Textteile wurden ohne besondere Kennzeichnung übernommen. (B): CIL, ILS: Z. 11-13: Abweichungen hinsichtlich der Ergänzungen."
"HD001129","Attiae L(uci) fil(iae) Pa/terclae flami/nicae perpet(uae) gra/tuitae decret(o) or/dinis [I(uliensium)] A[p]t(ensium) ob libera/litates [p]atri[s] eius qui / praeter cetera CCC(trecenta milia) HS / rei pub(licae) IIIIIIIvirorum / reliquit ad ludos se/viral(es) in perpet(uum) celebr/andos Daphnion / lib(ertus) l(ocus) d(atus) d(ecreto) d(ecurionum)","provisional","Narbonensis","France","Nemausus","Nîmes","Palais de Justice, spätantike Umfassungsmauer, sekundär verwendet","161 AD - 200 AD","AE 1982, 0680.  G. Barruol - J. Gascou - J.-C. Bessac, RAN 15, 1982, 281-285, Nr. 1; fig. 5. - AE.  AE 2005, 1006.  AE 1993, 1100. ","43.83333,4.35","statue base","honorific inscription","Kalkstein","Respublica sevirorum und ludi sevirales zum ersten Mal epigraphisch bezeugt. Respublica sevirorum in dieser Inschrift: arca sevirorum. Y: Seit Mark Aurel besitzen collegia licita das ius capiendorum legatorum."
"HD001132","Ordo sanctissim(us) / Q(uinto) Avilio Q(uinti) f(ilio) Sennio / Palatina Comini/ano in honorem pa/tris eius Q(uinti) Avili Hyacin/thi quod is praeter libera/litates spectaculorum quae / sponte ededit(!) vel postulata / non negavit velis novis sum/ptu suo in theatro positis cum / suis armamentis saepe pecunia / mutua quae a magistratibus / petebatur data actum publicum / iuverit","provisional","Narbonensis","France","Nemausus","Nîmes","Palais de Justice, spätantike Umfassungsmauer, sekundär verwendet","151 AD - 200 AD","AE 1982, 0681.  G. Barruol - J. Gascou - J.-C. Bessac, RAN 15, 1982, 285-290, Nr. 2; fig. 6. - AE.  AE 1992, 1162. ","43.83333,4.35","statue base","honorific inscription","Kalkstein",""
"HD002979","Quod Q(uintus) Acilius Montanus M(arcus) Iunius Proculus IIviri v(erba) f(ecerunt) / cum M(arcus) Sempronius Fuscus praefectus cohortis Baeticae vir summae integritatis pro/pe diem successorem exspectet et Romam proficisci debeat q(uid) f(ieri) p(laceret) d(e) e(a) r(e) i(ta) cens(uerunt) / [c]um M(arcus) Sempronius Fuscus adulescens omni[bus virt]utibus instructissimu[s ita se in] colo/nia nostra gesserit ut unus ex nobis esse [videretur] contuleritque in n[os plu]rima / m[eri]ta summa militiae m[o]destia sum[maque] libera[litate re]mittendo inpens[as quas] / pr[io]rum temporum res p(ublica) nostra contulerat reddi[q]ue [tes]timonium debeat qu[od ex] / discipulina(!) optumi max[i]mique principis i[t]a coho[rti B]a[etic]ae p[raef]uerit ut succes[sorem] / stationi eius simile[m speremus pl]acere n[obis l]egat[os ex hoc ordine mitti] clarissimos v[iros et] / rei publica[e a]man[tissimos qui eum] comme[ndent ---]ea [et iudi]cium nostru[m virtu]/tis eius ad optimu[m maximumque] princip[e]m per[ferant] / item per legatos n[ostros --- praefec]tis coho[r]tium [---]NAN(?)[---]nes quos sum[ma? ------","checked with photo","Transpadana (Regio XI)","Italy","Bergamum","Bergamo","Palazzo Secco Suardo, Via Corserola 69","51 AD - 74 AD","AE 1984, 0435. (B)  A. Garzetti, RevUnCompl 18, 1979 (Homenaje a García Bellido 4), 65-80; tav. 2 u. 3. - AE 1984.  CIL 05, 05127. (B)  CIL 05, 05127 add. p. 1082. (B)  G. Alföldy, Fasti Hispanienses. Senatorische Reichsbeamte und Offiziere in den spanischen Provinzen des römischen Reiches von Augustus bis Diokletian (Wiesbaden 1969) 159. ","45.694903,9.669953","tabula","public legal inscription","Bronze","15 Fragmente. (B): CIL: Z. 5: ess[e]; contuleritque in [opera plu]rima; Z. 6: [3]ia summa militia [3]estia summ[3]em inpen[3]; Z. 7: contule[3]tim[1]ntum de beat; Z. 8: opiumt ma[xi]mique principis [3]ae [mer]uerit ut succe[ssurus]; Z. 9: simil[iter 3 f]acere [3]; Z. 10: publica r(?)man[3]; [3]ium; Z. 11: principe[m 3] /; Z. 12: legatos [3]tis coho[3]es quas sua[&; AE 1984: Z. 4: cum; Z. 6: modestia sum[maque l]ibera[litate]; Z. 7: redd[iq]ue; Z. 8: opt(u)m(i) ma[xi]mique; Z. 10: commen[dent 3]ea; nostr[um]; Z. 11: principem; Z. 12: coh[or]tium; CIL (add.): Z. 4: Fuscus omni[bus virt]utibus; Z. 6: m[od]estia sum[maque cura in re]mittend[is]; Z. 7: contule[rit ipsi quoque cui 3]tia u[3]iium deb[e]at qu[am primum oporte]at redd[i licet]; Z. 8: op[t]um[i] maximique principis [rei publicae nostrae mini]me d[ef]uerit ut succes[sorem proptere]a coho[rtis]; Z. 9: placere d[ecurionibus 3] clarissimos v[iros l]egat[os cum]; Z. 10: rei publica[e n(ostrae)] man[atis 3] commen[3]tium; Z.10/11: nostru[m 3 de meri]/tis; Z. 11: ad optimum [maximumqu]e principem [mitti]; Z. 12: legatos v[iros clarissimos 3]tis coho[3]nes. taq: 73/74 n. Chr.: Aufnahme des P. Sempronius Fuscus in den Senat. Ehrendekret des Stadtrats."
"HD005951","Dynami // L(ucio) Octavio Gallo / Attico Pap(iria) Concesso / Q(uinti) Octavi Galli e(gregii) v(iri) filio / fratri Q(uinti) Octavi Galli / Concessiani c(larissimi) p(ueri) ob / multa merita patris / atque avi eius in patri/am et in rem p(ublicam) et ho/nestas eorum munifi/centias liberalitates splen/didis(simus) ordo mun(icipii) Uruensis","provisional","Africa Proconsularis","Tunisia","Ureu","Hr. Guennazia","Bordj Ouraou","","AE 1975, 0878. (B) ","36.875269000,9.5354989999","","","",""
"HD005960","Didasi // L(ucio) Octavio Aur[eliano?] / Didasio c(larissimo) v(iro) m[---]o / civi genitali ob [sin]gu[la]/rem in protegendis [civib(us)] / fidem et paratum [er]ga [o]mn[e]s / amorem thermas [et aquam? corrup]/tam post diluviem [---]/to servato [---] / propria liberalitate [ex]o[rnavit] / excoluit perfecit dedi[c]avit / bene merito civi et pa[tr]ono [splen]/didissimus ord[o et] populus [mun(icipii)] / [U]ruensium statuam [posueru]nt d(ecreto) d(ecurionum) [p(ecunia) p(ublica)]","provisional","Africa Proconsularis","Tunisia","Ureu","Hr. Guennazia","Bordj Ouraou","","AE 1975, 0880. (B) ","36.875269000,9.5354989999","","","",""
"HD005966","[------] / insignium simul permax(imorum) / meritorum quae liberali/tate mirabili incrementis / moenium eluxerunt // L(ucio) Iunio Iunillo v(iro) p(erfectissimo) com(iti) divini / lateris praesidi pr(ovinciae) M(auretaniae) C(aesariensis) civi et / patrono Iuni Publiani doctis/simae memoriae viri filio ordo / splendidi municipi sui Uruen/sium et populus statuam mar/moream posuerunt","provisional","Africa Proconsularis","Tunisia","Ureu","Hr. Guennazia","Bordj Ouraou","","AE 1975, 0882. ","36.875269000,9.5354989999","","","",""
"HD008427","[Quod ---? v(erba) f(ecit) de Verrio Eubulide] / [de ea re ita censue]runt hodie / [cum semper imitatu]s pietatem praeterita[m] / [ad Capitoli]ni Io[vis] cultum se sibi aemulum / [fecerit c]umq(ue) t[abel]lis suis vel aliena liberal[i]/tate conten[derit] placere huic ordini comm[e]/m(or)ari grat[iss]imam populi voluntatem dar[iq(ue)] / Verrio E[ub]ulidi biselli honorem cui co[m]/mendat[i]onem iudiciorum nostrum pare[m] / facet(!) censuer(unt) adfuer(unt)","checked with photo","Latium et Campania (Regio I)","Italy","Tarracina","Terracina","","101 AD - 200 AD","AE 1987, 0239. (B)  AE 1990, 0138.  H. Solin, Tyche 2, 1987, 183-187, Nr. 1; Taf. 13. - AE 1987.1990. ","41.291217,13.248865","tabula","public legal inscription","","(B): AE 1987: Z. 3: si sibi. Ergänzungen von H. Solin. Ehrendekret."
"HD009339","G(aio) Pomponio M(arci) Pom/[p]oni Libonis trierarchi / [f]il(io) Maec(ia) Diogeni / duovir(o) q(uin)q(uennali) huic ordo decurio/num ob munificentiam eius quot(!) / familiam gladiatoriam ex sua / liberalitate ob honorem q(uin)q(uennalitatis) / primus ediderit [it]em accep/tis sestertium XXV m(ilibus) n(ummum) p[ecu]nia pu/blica alium d[iem] enixe c[u]/raverit statuam ponendam / pecunia publica censuerunt l(oco) d(ato) d(ecreto) d(ecurionum)","provisional","Bruttium et Lucania (Regio III)","Italy","Paestum","Capaccio","","","AE 1975, 0252. ","40.421145299,14.996377300","","","",""
"HD009351","------]R[--- equitis] / [R]omani fi[l(io) ---] / nepot(i) A(uli) Vinici [---] / IIviri II q(uin)q(uennalis) patro[ni col(oniae) pronep(oti) Lucano flamini per]/petuo divi M(arci) Anton[ini --- rei publi]/cae municipi Eburinorum sa[cerdoti? ---] / praefecto fabrum huic or[do decurionum tabulam marmoream?] / ponendam censuit propter [eximiam liberali]/tatem eius eo quot(!) viginti par[ia gladiatorum ---] / edidit adiecta venatione qua[m ---] / noxeorum(!) comparatione ado[rnavit ---] / decurionibus singulis sestertios XX n(ummos) [---] / Vinicia Lucana fi[lia tabulam? --- pec(unia)] / a re p(ublica) conlata rest[ituit]","provisional","Bruttium et Lucania (Regio III)","Italy","Paestum","Capaccio","","","AE 1975, 0256. ","40.421145299,14.996377300","","","",""
"HD011717","T(ito) Sextio Felici / Bullatiano T(iti) / Sexti Hon[orati] / Bullatian[i fil(io)] / T(itus) Sextius [Felix] / Bullati[anus] / flam(en) perpet(uus) / [ne]poti / amantissimo // [T(ito)] Sexti[o Bullatia]/[no ae]dilita[te in mun(icipio) suo] / [fu]ncto c[ivi bono ob clemen]/ti[am et liberalitatem] / [e]ius et adfectionem [in] / [p]atriam et amorem quem / universis civib(us) exhibuit / condecuriones statuam / sua pecunia fecerunt","provisional","Africa Proconsularis","Tunisia","Avedda","Hr. Bedd","","","AE 1973, 0605. ","36.797938000,9.5228599999","","","",""
"HD013816","T(ito) Fl(avio) Postumino sace[r]/doti Rom(ae) et Aug(usti) quem pri/mum civitas Riedonum pe[r]/petuo flamonio Martis Mul/lonis honoravit bis duoviro om/nibus officis apud suo[s] functo civi/tas Riedonum publice statuas cum / suis ornamentis posuit decreto in/fra scribto(!) / L(ucio) Tutilio Luperco Pontiano C(aio) Calpur/nio Atiliano co(n)s(ulibus) decreverunt pari / et summo consensu Fl(avio) Postumino / honestissimo civi ob ei{i}us erga rem / publicam et in singulos merita et / liberalitatem et mores emendatis/simos ob quos ei subinde gratias ege/rant statuas quae in basilica templi / Martis Mullonis hac inscribtione(!) po/nerentur et in eadem basilica loca sta/[t]uarum quas positurum se numinibus / [pa]gorum edixerat","provisional","Lugdunensis","France","Condate Redonum","Rennes","","","AE 1969/70, 0405a. ","48.110829000,-1.680388","","","",""
"HD017236","Pro salute Imp(eratoris) Caes(aris) divi Septimi Severi Pii Arabici Adiab(enici) Part(hici) maximi Britan(n)ici maximi fil(ii) divi M(arci) Antonini Pii Germanici Sarmatici nep(otis) / divi Antonini Pii pronep(otis) divi Hadriani abnep(otis) divi Traiani Parthici et divi Nervae adnepotis M(arci) Aurelli(!) Antonini Pii Felicis principis / iuventutis Augusti Parthici maximi Brittanici maximi pont(ificis) max(imi) trib(uniciae) potestatis XV imp(eratoris) II co(n)s(ulis) III p(atris) p(atriae) et Iuliae Domnae Augustae / Piae Felici(s) matris Augusti et castrorum et senatus totiusque domus divinae C(aius) Octavius Rogatus flam(en) p(er)p(etuus) sacerdos Merc(urii) / suo et C(ai) Oct[a]vi Rogatiani fili sui nomine arcum cum gradibus suis ex liberalitate sua pecunia fecit et dedicavit d(ecreto) d(ecurionum) idem iam / statuam deo Mercurio ex aere in petra sedentem item ob honorem flam(inatus) sui statuam Imp(eratori) Severo duplicata pecunia fecit","provisional","Africa Proconsularis?","Tunisia","","Hr. Aïn-Bez","","","AE 1899, 0116. ","36.01617,9.530301","","","",""
"HD018023","Genio co/loniae / Thamu/gadis Aug(usto) / [------] / [---] ex / sua libera/litate ex HS V(quinque milia) n(ummum) do/num dedit / idemque / dedicavit","provisional","Numidia","Algeria","Thamugadi","Timgad","","","AE 1954, 0147.  CIL 08, 17913. ","35.49281,6.46999","","","",""
"HD018916","Q(uinto) Fl(avio) Lappiano C(ai) Fl(avi) Lappia/ni fil(io) Pap(iria) fl(amini) p(er)p(etuo) municipii Ka/lamensium splendidissimo / eq(uiti) R(omano) ob insignem singula/remq(ue) eius in cives munifi/centiam ac liberalitatem / qua inter cetera ab univer/sis omne curarum onus / amolitus est in qua re pa/rentum suorum liberali/tates supergressus sit po/pulus Thabarbusitanus / statuam ex HS VI mil(ibus) DCLXI / n(ummum) constantem obtulit / quam oblationem liben/ter et grate susceptam / idem Lappianus reddita / {n}omni pecunia solo ho/nore contentus ampli/us etiam exibito epulo / et gymnasio cum ci/vibus dedicavit","provisional","Africa Proconsularis","Algeria","Calama, bei","Aïn Nechma","","","AE 1960, 0214. ","36.461491000,7.4251849999","","","",""
"HD019292","[Q(uintus) Veranius Q(uinti) ---? f(ilius) Clu(stumina)] / [------] / [--- pro pr(aetore) provinciae Lyciae et Pamphyliae ---?] quinq[ue]nnio pr[a]efui[t] / [--- eam in pot]es[a]tem Ti(beri) Claudii Caesaris Aug(usti) / [Germanici redegit et in Cilicia castellum Tr]acheotarum expugnatum delevit / [mandatis et litteris senatus populique Romani et Ti(beri)] Claudii Caesaris Augusti Germanici / [quibus in Phrygiam quoque missus Cibyrae restit]utionem moenium remissam et interceptam / [--- complevit et regionis oppi]d[a](?) pacavit propter quae auctore / [Ti(berio) Claudio Caesare Augusto Germanico] consul designatus in consulatu nominatione / [eiusdem in locum ---]ni augur creatus in numerum patriciorum adlectus est / [curatori iudicio Neronis Augusti Germ]anici aedium sacrarum et operum locorumque / [publicorum statuam posuit equester] ordo et populus Romanus consentiente senatu ludis / [maximis praefectus est cum honorem non p]etierit ab Augusto principe cuius liberalitatis erat minister / [legatus Neronis Augusti German]ici provinciae Britanniae in qua decessit / [Verania filia Q(uinti) Ve]rani vixit annis VI et mensibus X","checked with photo","Roma","Italy","Roma, aus","Roma","Via Tiburtina, Pratolungo","58 AD - 60 AD","AE 1953, 0251. (B)  AE 1954, 0004. (B)  CIL 06, 41075.  A.E. Gordon, Quintus Veranius Consul A.D. 49 (Berkeley, California 1952) 231-275; pl. 7 u. 9. (B) - AE 1953.  J.H. Oliver, AJPh 75, 1954, 206-210. (B) - AE 1954. ","41.8917375,12.4861685","tabula","epitaph","","(B): Gordon, AE 1953, Oliver, AE 1954: geringfügig abweichende Textwiedergabe."
"HD019395","------] / [--- eius et ob ipsius ---]/lar(---) SAM [Ph]ronima univer[s---] / prompta voluntate ut civi statua[m] / publ(ice) ponendam decr(evit) cui Vibia Sev[era] / [ho]nore con[tent]a sua pec(unia) [posuit] / propter quod ad remunerandam op[time] / adfectionem et pietatem adq[ue](!) libe[ralitate] / filiae suae perpetuo memoriam DV[---] / [---] decurionibus sportu[las] / [---] HS ep[ul]andi gratia Aug[ustali]/bus quod annis dandos statuit corpori quoq(ue) Augustalium ad sportulas // aureos binos","provisional","Africa Proconsularis","Algeria","Hippo Regius","ʿAnnaba","","","AE 1955, 0152. ","36.883651,7.7551290000","","","",""
"HD019406","[Qu]od M(arcus) Ofillius Celer IIvir iter(um) v(erba) f(ecit) pertinere at(!) municipi / dignitatem meritis M(arci) Noni Balbi respondere d(e) e(a) r(e) i(ta) c(ensuerunt) / [cu]m M(arcus) Nonius Balbus quo hac vixerit parentis animum cum plurima liberalitat(e) / singulis universisque praistiterit placere decurionibus statuam equestrem ei poni quam / celeberrimo loco ex pecunia publica inscribique M(arco) Nonio M(arci) f(ilio) Men(enia) Balbo pr(aetori) proco(n)s(uli) patrono universus / ordo populi Herculanie(n)ssis(!) ob merita eius item eo loco quo cineres eius conlecti sunt aram / marmoream fieri et constitui inscribique publice M(arco) Nonio M(arci) f(ilio) Balbo exque eo loco parentalibu(s) / pompam duci ludisque gymnicis qui soliti erant fieri diem adici unum in honorem eius et cum in theatro / ludi fient sellam eius poni c(ensuerunt)","provisional","Latium et Campania (Regio I)","Italy","Herculaneum","Ercolano","","","AE 1947, 0053.  AE 1976, 0144. ","40.806038,14.352857","","","",""
"HD019606","L(ucio) Cor(nelio) Marullo / quod ordo Castulon(ensium) / pro liberalitate Cor(neliae) / Marullinae matris / eius quod civitatem / Castulonensium sta/tuis argenteis et epu/lo et circensib(us) decoras/set statuam ei et filio su/o posituram se decre/verat Cor(nelia) Marulli/[n]a honore accepto / d[e] pec(unia) sua poni iussit / hoc donum illius / C(aius) Cor(nelius) Bellicus heres eius / d(edit) d(edicavit) / edi[tis] circensib(us)","provisional","Hispania citerior","Spain","Castulo","Cazlona","","","AE 1958, 0004. ","38.037913000,-3.624423999","","","",""
"HD019894","[- Au]relio Q(uinti) fil(io) Quir(ina) Honorato / [flamini A]ug(usti) p(er)p(etuo) omnibus honoribus functo / [ob insigne]m in cives amorem et ob honestissi/[mam egregiamq]ue eius liberalitatem quo testa/[mento dedit illatis? HS] C mil(ibus) in die natali Mariae / [--- Honora]tianae(?) uxoris suae flami/[nicae divae Liv]iae(?) perpetuo decurio/[nibus item curiis omnibus] et Augustalibus epula/[---]RIA[--- cl]ar[i]ssim[us ordo] et populus Hipponiensis / [---] ex [--- sp]ortulas [---] at referendam memoriae / [---]F AN[---]RASTAR[--- et Ma]riae(?) Saturninae uxori eius / [---]VR[---]IA[---] et quae honor(e) content[a ---]","provisional","Africa Proconsularis","Algeria","Hippo Regius","ʿAnnaba","","","AE 1958, 0144. ","36.883651,7.7551290000","","","",""
"HD020303","Ex liberalitate M(arci) Iuli Quintiani Flavi Ro/gatiani c(larissimae) m(emoriae) v(iri) quam testamento suo rei publicae / coloniae Thamugadensium patriae suae le/gavit opus bibliothecae ex HS CCCC(quadringentis) mil(ibus) num(mum) / curante re publica perfectum est","provisional","Numidia","Algeria","Thamugadi","Timgad","","","AE 1908, 0012. ","35.49281,6.46999","","","",""
"HD020855","[Scholam suam cu]m imaginibus / [domus divinae ex larg]issimis stipendiis / [et liberalita]tib(us) quae in eos conferunt / [fecerunt o]fficiales Aeli Saturnini / [p]raef(ecti) leg(ionis) III Aug(ustae) p(iae) v(indicis) / [M(arcus) Ba]ebius Speratus cornicul(arius) / [item librarii quor]um nomina subiecta sunt / [ob quam sollemnit]atem decreverunt anulari n(omine) veteranis suis / [--- qui pr]oficient singulis corniculario(rum) HS IIII m(ilia) n(ummum) / [nulla dila]tione facta numerari et libraris / [------","provisional","Numidia","Algeria","Lambaesis","Tazoult-Lambèse","","","AE 1899, 0060.  AE 1899, p. 48 s. n. 162. ","35.48171,6.26074","","","",""
"HD020939","Sex(tus) Pullaienus Florus Caeci[lianus ---] / et Uchitanis maioribus dono [dedit ---] / salvis dd(ominis) nn(ostris) Va[l]entiniano Theodosio maxim(is)que principibus proco[nsulatu ---] / Furius Victor[i]nus flam(en) p(er)p(etuus) avito honore suffultus hac liberalitate potio[r ---]","provisional","Africa Proconsularis","Tunisia","Uchi Maius","Henchir Douémis","","","AE 1908, 0265.  CIL 08, 15453.  CIL 08, 26267. ","36.235354999,8.9449059999","","","",""
"HD021099","------] / MILI[---] / liberali[tat]e E[---] / coh(ortis?) XX Pa[l]my[renorum] sag(ittariorum) [------","provisional","Syria","Syrian Arab Republic","Dura Europos","Qual`at as Sāliḩiyah","","","AE 1940, 0240. ","34.75007675,40.72782425","","","",""
"HD021445","D(is) M(anibus) s(acrum) / C(aio) Iulio Hispano / vet(erano) ex dec(urione) alae Pa/n(n)oniorum vix(it) an/n(os) LXXXX ob immu/nem iuxta se liber[a]/litatem eius habita(m) P[o]/nponia(!) Gemellina n[u]/rus fecit","provisional","Numidia","Algeria","","Oued Guechtane","Timchatt","","AE 1951, 0222. ","34.892429,6.51637","","","",""
"HD021542","------] / Maximiano / [a]edil(i) IIvir(o) qui IIv[i]/[r]atu suo munus v[e]/nationum et gladia[t(orum)] / ex liberalit(ate) sua bidu[um] / [d]edit qui etiam testam[ento] / suo [f]ideicommisit / [------","provisional","Galatia","Turkey","Antiochia Pisidiae","Yalvaç, bei","","","AE 1914, 0266. ","38.296500,31.179100","","","",""
"HD021692","[---u]s Cel[e]/rinus aedilis mensuras / exaequ[a]tas ex sua lib(eralitate) civibus suis statuit","provisional","Numidia","Algeria","Thamugadi","Timgad","","","AE 1906, 0026. ","35.49281,6.46999","","","",""
"HD021695","[Ddd(ominis) nnn(ostris)] Augg(ustis) Valentinian[us Valens] Grati[a]nus hab(e)(!) Eutropi car(issime) nobis / [quod ex red]itibus fundorum iuris re[i --- quo]s intra Asiam diversis quibusque civitatibus ad instaurand[a mo]enium faci[em --- pr]o certis / [partibu]s habita aestimatione concensimus capere quidem urbes singulas beneficii nostri uberem fructum et pro [temporum r]efers felicit[ate n]os[tro]rum a foedo / [recenti]um squalore ruinarum in antiquam sui faciem nova reparatione consurgere verum non integram grat[iam con]cessi ad urbes singulas beneficii / [perv]enire siquidem &lt;dum&gt; pro partibus praestitis reditus civitatibus potius q[ua]m ipsi cum reditibus fundi fuerint restitu[end]i et ministrandi idem reditus ab acto[ri]bus / [pr]ibatae(!) rei nostrae et diu miserabiliterque poscantur et vix aegraeque(!) tribuantur adque id quod amplius e[x i]sdem fundis super statutum canonem / [c]olligantur(!) et isdem civitatibus pereat eorundemquae(!) actorum fraudibus devoratum nihil tamen aerario nostro adiciat augmenti possitque / a curialibus vel excultione maiore vel propensiore diligentia nonnullus praestitionis cumulus ad gratiam concessionis accedere igitur cuncta / diligenti coram investigatione perspeximus et primum Efesenae(!) urbi quae Asiae caput est missa ad nos dudum legatione poscen[ti] / [p]artem redituum non fundorum advertimus fuisse(!) concessam unde illi interim quam esse omnium maximam nulla dubitatio est in parte co[n]/[c]essa cum eo fundo quem Leucem nomine nostra iam liberalitate detentat tradi centum iuga promulgata sanctione mandavimus ut eius exemplo quid adhoc / ista in reparandis moenibus profecerit intuentis an reliquis praestandum sit similia decernamus ha(n)c san(e) quia ratione plenissima quod intra Asiam rei publicae / iuga esse videantur cuiusque qualitatis quantumve annua praestatione dependant mansuetudo nostra instructa [c]ognovit offerendam experientiae tu[ae] / credidimus optionem ut si omnem hanc iugationem quae est per omnem diffusa{m} provinciam id est sex milia septingenta triginta sex semis opim[a] / adque idonea iuga quae praeter VIII solidorum ad fixum semel canonem trea milia extrins&lt;e=I&gt;cus solidorum annua praestare referuntur sed et septingenta tr[ia] / etiam defecta ac sterilia iuga quae per illa quae idonea diximus sustinentur suscipere propria praestatione non abnuvis petitis maiestas nostra consen[tiat] / scilicet u[t] arbitrio tuo per curias singulas omni iugatione dispersa retracto eo redituum modo quem unicuique civitatum propria largitione concen[simus] / [r]eliquam summam per officium tuu&lt;m=N&gt; rei privatae nostrae inferre festines ut et omnem usuram diligentia{m} avidis eripiamus actoribus et si quid extrins&lt;e=I&gt;[cus] / [luc]ri est cedat rationibus civitatum sane quia rerum omnium integram cupimus habere notitiam et ex industria nobis tuam expertam diligen[ti]a[m] / [confit]emur plena te volimus ratione disquirere per omnem Asiam provincam fundos iugationemque memoratam qui in praesentem diem ha[be]/[ant qua rat]ione possideant et quantum per iuga singula rei privatae nostrae annua praestatione dependant qui etiam opimi adque utiles fundi / [fis]co gr[ati si]ngulis quibusque potentissimis fuerint elocati et qui contra infecundi ac steriles in damnum rei nostrae paenes actores / fuerint d[erelicti] scilicet ut omni per idoneos ratione discussa a(c) confectis quam diligentissime brevibus mansuetudini nostrae veri / fidem nunties ut [inst]ructi super omnibus amplissimum efficacis industriae praestantiae tuae testimonium deferamus ","provisional","Asia","Turkey","Ephesus","","","","AE 1906, 0030.  H. Wankel (Hrsg.), Die Inschriften von Ephesos 1 a (Bonn 1979) 264-270, Nr. 42; Taf. 33.  AE 1907, p. 30 s. n. 98. ","37.939316699,27.340832500","","","",""
"HD021790","------] // [---] Ulpio Aeliano suo salutem / [---] Aug(usti) praesens numerato qui ita non fecerit et convictus erit prius coxisse venam quam pretium sicut su/{su}pra scriptum est solvisse pars occupatoris commissa esto et puteum universum proc(urator) metallorum / vendito iis qui probaverit ante colonum venam coxisse quam pretium partis dimidiae ad fiscum pertinen/tis numerasse partem quartam accipito putei argentari ex forma exerceri debent quae / hac lege continetur quorum pretia secundum liberalitatem sacratissimi Imp(eratoris) Hadriani Aug(usti) obser/vabuntur ita ut ad eum pertineat proprietas partis quae ad fiscum pertinebit qui primus pretium puteo fecerit / et sestertia quattuor milia nummum fisco intulerit qui ex numero puteorum quinque unum / ad venam perduxerit in ceteris sicut supra scribtum est opus sine intermissione facito ni ita fecerit alii / occupandi potestas esto qui post dies XXV praeparationi impensarum dat&lt;a&gt;s opus quidem / statim facere coeperit diebus autem continuis decem postea in opere cessaverit alii occupandi / [i]us esto puteum a fisco venditum continuis sex mensibus intermissum alii occupandi ius / [es]to ita ut cum venae ex eo proferentur ex more pars dimidia fisco salva sit / [occ]upatori puteorum socios quos volet habere liceto ita ut pro ea parte qua quis socius erit impensas / conferat qui ita non fecerit tum is qui impensas fecerit rationem impensarum factarum a se / continuo triduo in foro frequentissimo loco propositam habeto et per praeconem denuntiato / sociis ut pro sua quisque portione inpensas conferat qui non ita contulerit quive quid dolo / malo fecerit quominus conferat quove quem quosve ex sociis fallat is eius putei partem ne / habeto eaque pars socii sociorumve qui inpensas fecerint esto / [ei v]el ii&lt;s&gt; coloni&lt;s&gt; qui inpensam fecerint in eo puteo in quo plures socii fuerint repetendi a sociis quod / bona fide erogatum esse apparuerit ius esto colonis inter se eas quoque partes puteorum quas / a fisco emerint et pretium solverint vendere quanti quis potuerit liceto qui vendere suam partem / quive emere volet aput(!) proc(uratorem) qui metallis praeerit professionem dato aliter emere aut vendere ne / liceto ei qui debitor fisci erit donare partem suam ne liceto venas quae ad puteos prolatae / [i]acebunt ab ortu solis in occasum ii quorum erunt in officinas vehere debebunt qui post occa/[s]um solis vel noctu venas a puteis sustulisse convictus erit HS |(mille) nummos fisco inferre debeto / [ve]nae furem si servos erit procurator flagellis caedito et ea condicione vendito ut in perpetuis / vinculis sit neve in ullis metallis territori(i)sve metallorum moretur pretium servi ad dominum / pertineto liberum procurator comfiscato et finibus metallorum in perpetuum prohibeto / putei omnes diligenter fulti destinatique sunto proque putri materia colonus cuiusque putei no/vam et idoneam subicito pilas aut fulturas firmamenti causa relictas attingere aut / violare dolove malo quid facere quominus eae pilae fulturaeve firmae et perviae sint ne liceto / [q]ui puteum vitiasse labefactasse decapitasse aliutve(!) quid dolo malo fecisse quominus is puteus / firmus sit convictus erit si servos erit flagellis arbitratu proc(uratoris) caesus ea condicione a domi/no veneat ne in ullis metallis moretur liberi bona proc(urator) in fiscum cogito et finibus ei metal/lorum in perpetuum interdicito / qui puteos aerarios aget a cuniculo qui aquam metallis / subducet recedito et non minus quam quinos denos pedes utroque latere relinquito / [c]uniculum violare ne liceto proc(urator) explorandi novi metalli causa ternagum a cuniculo agere / permittito ita ut ternagus non plures latitudinis et altitudinis quam quaternos pedes habeat / [v]enam intra quinos denos pedes ex utroque latere a cuniculo quaerere caedereve ne liceto / qui aliter quit(!) in ternagis fecisse convictus erit servos flagellis arbitratu proc(uratoris) caesus ea condi/cione &lt;a&gt; domino veniet ne in ullis metallis moretur liberi bona proc(urator) in fiscum cogito et fini/bus ei metallorum in perpetuum interdicito qui puteos argentarios &lt;aget&gt; a cuniculo qui / aquam metallis subducet recedito et non minus quam sexagenos pedes utroque latere relin/quito et eos puteos quos occupaverit adsignatosve acceperit in opere uti determinati erunt / habeto nec ultra procedito neve egbolas colligito neve ternagos ita agito extra fines putei adsignati // [------","provisional","Lusitania","Portugal","Metallum Vipascense","Aljustrel","","","AE 1906, 0151.  AE 1979, 0337.  AE 1952, 0081.  AE 1912, p. 40 s. n. 132.  AE 1912, p. 84 s. n. 288.  AE 1909, p. 16 s. n. 68.  AE 1908, p. 9 s. n. 33.  AE 1907, p. 28 s. n. 90.  AE 1907, p. 38 s. n. 139.  AE 1907, p. 39 s. n. 140.  AE 1907, p. 51 s. n. 180.  AE 1907, p. 63 s. n. 228.  AE 1907, p. 68 s. n. 248.  D. Flach, Chiron 9, 1979, 399-407. 413-428; Taf. 18 u. 19.  AE 2001, 1128. ","37.8667,-8.1667","","","",""
"HD022330","[--- t]emplum dei PFE[---] / [--- A]gricola v(iro) c(larissimo) pra(e)sid[e provinciae ---] / [---] curator(e) r(ei) p(ublicae) sua libe[ralitate restituit?]","provisional","Africa Proconsularis","Tunisia","Chusira","La Kessera","","","AE 1946, 0045. ","35.81447,9.3648150000","","","",""
"HD022454","Tabularium legionis cum imaginibus / domus divinae ex largissimis stipen/dis et liberalitatibus quae in eos / conferunt fecerunt / L(ucius) Aemilius Cattianus cornicular(ius) et / T(itus) Flavius Surus act(u)arius item librari / et exacti leg(ionis) III Aug(ustae) p(iae) v(indicis) q(uorum) n(omina) subiecta sunt / ob quam sollemnitatem decretum est ut si qui(s) in locum corniculari legionis vel act(u)ari missi emeriti substitutus / fuerit det ei in cuius locum substitutus est anulari nomine |(denarios) M(mille) item si qui(s) in locum cuiusque / librari substitutus fuerit vel scamnari nomine collegis |(denarios) M(mille) et si qui(s) ex eodem / collegio honestam missionem missus fuerit accipiat a collegis anulari / nomine |(denarios) DCCC item si qui(s) ex collegis profecerit accipiat |(denarios) D // Exacti / C(aius) Aponius Vitalis / Domitius Paulinus / Abinneus Victorinus / Aurelius Optatus / C(aius) Iulius Aurelianus / Florius Celsus / L(ucius) Plotius Vitalis / L(ucius) Aemilius Quadratus / C(aius) Iulius Crescentianus / D(ecimus) Valerius Quintian(us) / Q(uintus) Vereius Vereianus / M(arcus) Valerius Proculus / M(arcus) Strobilius Marcian(us) / M(arcus) Cornel(ius) Augurian(us) / Aemilius Clarus / Clodius Victor / M(arcus) Castricius Frugi / Aelius Nummenius / Iunius Saturnin(us) / L(ucius) Munatius Felix / L(ucius) Tonneius Martialis c(erarius)","provisional","Numidia","Algeria","Lambaesis","Tazoult-Lambèse","","","AE 1898, 0108.  AE 1898, 0109.  ILS 9100.  Y. Le Bohec, La troisième légion Auguste (Paris 1989) 235, Anm. 369. ","35.48171,6.26074","","","",""
"HD022704","Dd(omini)(!) nn(ostri)(!) Fl(avius) Constan/tinus max(imus) Pius / Felix victor Aug(ustus) / et Fl(avius) Iul(ius) Crispus et / Fl(avius) Cl(audius) Constantinus / nobb(ilissimi)(!) Caess(ares)(!) / fontis Augustei / aquaeductum / longa incuria / et vetustate conruptum / pro magnificentia / liberalitatis consuetae / sua pecunia refici iusserunt / et usui civitatium infra / scriptarum reddiderunt / dedicante Ceionio Iuliano v(iro) c(larissimo) / cons(ulari) Camp(aniae) curante / Pontiano v(iro) p(erfectissimo) praep(osito) eiusdem / aquaeductus / nomina civitatium / Puteolana Neapolitana Nolana / Atellana Cumana Acerrana / Baiana Misenum","provisional","Samnium (Regio IV)","Italy","","Serino, bei","","","AE 1939, 0151.  AE 1983, 0194. ","40.85,14.85","","","",""
"HD023220","[C(aio) Sextio C(ai) f(ilio) Papiria] / [Martiali trib(uno) mil(itum) legionis IIII] / [Scythicae proc(uratori) Aug(usti) ab actis urbis proc(uratori)] / [Aug(usti) inter mancip(es) XL Galliarum et ne]/gotiant&lt;e=I&gt;s proc(uratori) Macedoniae qui / ob memoriam T(iti) Sexti Alexandri / fratris sui inlatis HS L mil(ibus) rei pub(licae) / col(oniae) suae Mactaritanae epulaticium ex / usuris curialibus die natali fratris sui quodannis(!) dari &lt;i=T&gt;ussit ob liberalitate / [eius statuam universae curiae d(ecreto) d(ecurionum) pec(unia) sua posuer(unt)] ","provisional","Africa Proconsularis","Tunisia","Mactaris","Makthar","","","AE 1899, 0112.  AE 1992, 1774.  CIL 08, 11813.  CIL 08, 11813 add. p. 2372.  ILS 1410. ","35.8605556,9.2058332999","","honorific inscription","","Ergänzung nach dem vollständiger erhaltenen exemplum aus Mactar (CIL 08, 11813) mit vollkommen analogem Textaufbau."
"HD023336","Pentascinensibus thermis quae longo temporis / tractu intercepto aquae meatu lavacris fre/[que]ntari desierant undis largioribus afluen/[tibus ny]mphalem aquam in meliores usus sua / [liberalitate C(aius)] Furius C(ai) l(ibertus) Togius Quintilius / induxit / [---]lio Petrio v(iro) p(erfectissimo)","provisional","Apulia et Calabria (Regio II)","Italy","Tarentum","Taranto","","","AE 1896, 0112.  AE 1897, p. 5 s. n. 19. ","40.470849,17.240124","","","",""
"HD023465","[Pro salute Im]p(eratoris) Caes(aris) divi M(arci) Antonini Pii Germanici Sarmat(ici) fil(ii) / divi Hadr(iani) adnepot(is) / [divi Antonini P]ii nepotis divi Traiani Part(hici) abnep(otis) divi Nervae adnepoti(s) / [L(uci) Septimi Severi P]ii Pertinacis Aug(usti) Arabici Adiabenici pont(ificis) max(imi) tribunic(ia) / [potestate III]I co(n)s(ulis) II p(atris) p(atriae) et M(arci) Aureli Antonini Caes(aris) totiusq(ue) domus divin(ae) / [res p(ublica) coloniae B]ullens(ium) regior(um) templum Dianae Corolliticae / [quod ex testame]nto suo Marcius Tertullus c(larissimae) m(emoriae) v(ir) alumnus et patro/[nus rei publ(icae) i]nter cetera eximiae liberalitatis suae in patriam / [documenta conlata ex HS ---] mil(ibus) fieri iussit suscepta pecunia ab herede eius perfecit","provisional","Africa Proconsularis","Tunisia","Bulla Regia","Hammam Darradji","","","AE 1907, 0025.  CIL 08, 25515. ","36.555605,8.7505480000","","","",""
"HD023618","[Imp(erator)] Caes(ar) M(arcus) A[ur(elius)] / [Anto]ninus Pi[us Fe]/[lix Invi]ctus Aug(ustus) [Parth(icus) max(imus)] / [Brit(annicus) m]ax(imus) Ger[m(anicus) max(imus) pont(ifex)] / [max(imus)] trib(unicia) po[t(estate) XVII co(n)sul IIII] / [pro]co(n)s(ul) p(ater) [p(atriae) --- pro] / [libe]ralita[te sua] / [rem]otis [saxis] / [baline]um pe[rfecit] / [caldar]ia res[tituit] / [et aba]cis mar[moreis] / exor[navit]","checked with photo","Germania superior","Germany","Aquae (Civitas Aurelia Aquensis)","Baden-Baden","{Marktplatz}","213 AD","CIL 13, 06301; Zeichnung.  CIL 13, 06312; Zeichnung.  E. Wagner, Fundstätten und Funde aus vorgeschichtlicher, römischer und alamannisch-fränkischer Zeit im Grossherzogtum Baden 2. Das Badische Unterland (Tübingen 1911) 14-15; Abb. 10.  H. Finke, BRGK 17, 1927, 202, Nr. 337.  CIL 13, 04, 06301 add. p. 92.  CIL 13, 04, 06312 add. p. 92. ","48.762918406,8.2407921552","","building/dedicatory inscription","Marmor, weiß",""
"HD023975","Aedem Co[ncordiae? quam ---] / Vitalis libe[ralitate sua promiserat] / T(itus) Iul(ius) Sabin[us] / procurato[r patrimoni tractus] / Leptiminen[sis item privatae eiusdem] / tractus BV[---] / ex SS quad[raginta m(ilibus) n(ummum) s(ua) p(ecunia) fecit] / dedicante [---] / legato Num[idiae ------","provisional","Africa Proconsularis","Algeria","Madauros","Mdaourouch, bei","","","AE 1907, 0238. ","36.077640000,7.9030760000","","","",""
"HD024832","Didi Preiecti fl(amen) p(er)p(etuus) / probatissimo adque(!) integerrimo / viro cuius multa praeclara / venefactorum(!) praemia retinen/tur quem adornat integritas / quem fides vera conmendat(!) a cu/ius cunabulis titulis obsequemtem(!) / probabimus(!) liberalitatem et ita / sum(p)tu proprio indulgentem / ut et fastigia moenibus dede/rit et colomina(!) repararit qui/bus rebus Didio Preiecto fl(amini) p(er)p(etuo) / amplissimo proceri nostrae / curiae quem et laus familiae / et eloqui conmendat(!) instruc/tio ordo s[plendissim]ae / coloni[ae ---]DAM / PRO[---] / DE[------","provisional","Africa Proconsularis","Tunisia","Pheradi Maius","Sidi-Khalifa","","","AE 1927, 0028.  ILTun 0251. ","36.242241,10.456588","","","",""
"HD025060","[Ceion]io Iulia/no [c(larissimo) v(iro) p]atrono col(oniae) / bono [a]dque(!) prae/stanti et senatoriae / dignitatis ornamen/[to] cuius proconsulatu / [beneficia] plurima ci/[vitas ac res] publica fuerit(!) / [consecuta s]tatuam marmo/[ream pone]ndam cliens / ordo Ma[da]urensium et/si impari be[n]eficiis ei(u)s ho/norifico obsequio decre/vit eamque Aurelii / Saturninus Crescenti/anus fl(amen) p(er)p(etuus) p(atronus) c(oloniae) et Nicander / fl(amen) p(er)p(etuus) p(atronus) c(oloniae) fratres em(p)tam atque / advectam propria li/beralitate posuerunt","provisional","Africa Proconsularis","Algeria","Madauros","Mdaourouch, bei","","","AE 1922, 0016.  ILAlg 1, 4011. ","36.077640000,7.9030760000","","","",""
"HD025843","C(aio) Flavio Q(uinti) fil(io) Pap(iria) Pudenti flam(ini) Liberi Patris IIviro flam(ini) perpetuo cuius pater Fl(avius) Tullus post / multas liberalitates per quas patriam suam exornavit aquam privata pecunia induxit item lacus n(umero) XII exstru/xit eosdemque crustis et statuis marmoreis excoluit praeterea HS CC mil(ia) num(mum) ad tutelam eiusdem / aquae rei publ(icae) promisit et intulit quod ipse quoque Pudens super numerosam munificentiam quam in / cives suos contulit etiam muneris gladiatori spectaculum primus in patria sua per dies quinq(ue) / splendidissimum ediderit ordo Sabrathensium populo postulante quadrigam ei de publico ponend(am) censuit / Fl(avius) Pudens honore contentus sua pecunia posuit","provisional","Africa Proconsularis","Libya","Sabratha","Şabrātah","","","AE 1925, 0103.  IRT 117; pl. 2, 1. ","32.805895999,12.484959","tabula","","",""
"HD026142","------] / [[--- [po]nt(ifici) max(imo) trib(unicia) pot(estate) IIII]] // [[[---]]] totiusq(ue) divin(ae) domus eor(um) P(ublius) Petronius Felix p(raeses) p(rovinciae) ex tribuno praetor et P(ublius) Petronius Felix Fuscus fil(ius) eius eq(ues) R(omanus) et P(ublius) Petronius Sever[us ---] // [liberalita]te(?) sua f[aciendum curaverunt] // [et dedicave]runt d(ecreto) d(ecurionum) ob cuius operis dedicationem decurionibus denarios singulos et curis singulis denarios quinquagenos dederunt","provisional","Africa Proconsularis","Tunisia","Thuburbo Maius","Henchir Khasbat","","","AE 1916, 0094. ","36.399590000,9.9035329999","","","",""
"HD026154","------] amoris [---] / [ob i]nstitutionem fori novi / [F]lavio Atilio Theodoto v(iro) c(larissimo) / praefecto aerari populi R(omani) / legato provinciae Numidiae / ordo et populus Thubursicen/sium inposito signo addens / operi decus auctori Commodi / liberalitate Furi Regini fl(aminis) p(er)p(etui) / hoc carissimo retentat / adfectu","provisional","Africa Proconsularis","Algeria","Thubursicu Numidarum","Khamissa","","","AE 1916, 0098.  ILAlg 1, 1286. ","35.0706,9.8572","","","",""
"HD026367","Herculi Invicto sac(rum) / conservatori domini n(ostri) / [[[Imp(eratoris) Caes(aris) M(arci) Aureli]]] / [[[Antonini Pii Felicis Aug(usti)]]] / M(arcus) Clodius L(uci) f(ilius) Q(uirina) Fidus mag(ister) / quaest(ura) func(tus) amator patriae / statuam cum base quam die / III Nonar(um) Ianuar(iarum) sua liberali/tate pollicitus est inlatis / praeterea r(ei) p(ublicae) honorariis / summis decurionatus et mag(istratus) / et ob eius dedicationem edi/to die ludorum scaenico/rum sua pecun(ia) fecit idemq(ue) / dedicavit l(ocus) d(atus) d(ecreto) d(ecurionum) // Promissa III Nonas / Ianuar(ias) Grato [[[et]]] / [[[Seleuco]]] co(n)s(ulibus) / dedicata [[[Antonino]]] / [[[IIII et Alexandro co(n)s(ulibus)]]]","provisional","Numidia","Algeria","Uzelis","Oudjel","","","AE 1917/18, 0044.  G. Wesch-Klein, Liberalitas in rem publicam (Bonn 1990) 336-337, Nr. 1.  PIR (2. Aufl.) V 473.  PIR (2. Aufl.) V 755. ","36.380653000,6.3602259999","","","",""
"HD026871","Seiae Potitiae / Consortianae / c(larissimae) m(emoriae) f(eminae) matri Ros/ci Potiti Memmi/ani c(larissimi) v(iri) ob insig/nem eius et innu/merabile(m) libera/litatem qua ordi/ne(m) et patriam do/natione sua ampli/ficavit patronae di/cernente ordine r(ei) p(ublicae) / Thibaritanor(um) / p(ecunia) p(ublica) p(osuit)","provisional","Africa Proconsularis","Tunisia","","Hr. Belloum","","","AE 1913, 0013. ","36.5227341,9.1041157","","","",""
"HD027544","C(aius) Iulius Crescens [Q(uinti) fil(ius) Quir(ina)] Didius [Crescentianus pont(ifex) fl(amen) p(er)p(etuus) V c]oloni[arum e]quo [publico ab Imp(eratore) exornatus --- statuas] qu[as in f]oro ponendas ex HS XXX[--- mil(ibus) n(ummum)] promiserat posuit item i[n basilica Iu]lia [q]uam at(!) e[xornationem civitatis? s]uae a so[lo sua libera]litate fec[e]ra[t ---]","provisional","Numidia","Algeria","Cuicul","Djemila","","","AE 1920, 0114.  G. Wesch-Klein, Liberalitas in rem publicam (Bonn 1990) 304, Nr. 4a. ","36.31351,5.73631","","","",""
"HD028150","Genio kast(elli) Elefant(um) / sacrum / Clodia Donata Pro&lt;p=R&gt;e&lt;r=P&gt;(ti) / Crescentis uxor sta/tuam geni patriae ka(stelli) / Elef(antum) cum base quam / de sua liberalitate / ad ornandum kastel(lum) / pollicita ex HS VIII(octo milibus) n(ummum) / sua pecunia constituit / ad cuius dedicationem / sportulas X singulo / et vinum per collegia / ad aepulandum(!) dedit / d(edicavit) d(ecreto) d(ecurionum) ","provisional","Numidia","Algeria","Mastar","Rouffak","","","AE 1900, 0037.  AE 1900, p. 64 s. n. 195. ","36.379688,6.472302","","","",""
"HD028870","Thoraci / mirae integritatis et / innocentiae inimita/bilis exempli viro / Caelio Severo v(iro) c(larissimo) patricio / consulari cur(atori) r(ei) p(ublicae) et patrono / col(oniae) Puppit(anorum) qui solus sua libera/litate forum vetustate conlap/sum cum aedibus e[t capi]/tolio et curia meliori cultu / restituit et dedicavit / [ordo Puppit(anorum)] patrono perpetuo // dedicata VIIII Kal(endas) Iunias / Imp(eratore) [[Probo]] Aug(usto) V et Victorino co(n)s(ulibus)","provisional","Africa Proconsularis","Tunisia","Pupput","Souk-el-Abiod","","","AE 1894, 0115.  CIL 08, 24095. ","36.395149000,10.614698000","","","",""
"HD029014","------] / Q(uinti) f(ilio) Serg(ia) Vica[no? ---] / ob liberalitatem et [---] / eiius(!) [---]","no image","Baetica","Spain","Tucci","Martos","S. Martha, Kirche","101 AD - 200 AD","CIL 02 (2. Aufl.) 05, 00099.  CIL 02, 01687. ","37.72107,-3.97264","tabula?","honorific inscription","","Das Stück ist heute verschollen."
"HD029919","------] / [--- ob p]r(a)ecipu[am ---] / [libe]ralitatem [ac reform]/[at]am(?) in melio[rem statum] / civitatem recr[eata ---?] / quoque annonae c[ura?] / quam temporibus tyran[ni] / caruit ordo Laurent(i)um Lavina/tium d(evotus) n(umini) m(aiestati)q(ue) eius devotissimus","provisional","Latium et Campania (Regio I)","Italy","Lavinium","Pomezia","Pratica di Mare","","AE 1910, 0162.  EphEp 9, p. 377-378 n. 592. ","41.6667,12.5","","","",""
"HD030119","L(ucio) Fabio L(uci) f(ilio) Gal(eria) / Tusco IIvir(o) / municipes et / incolae honoris / liberalitatisque / ergo","no image","Baetica","Spain","Ulia Fidentia","Montemayor","castillo","1 AD - 100 AD","CIL 02 (2. Aufl.) 05, 00499.  CIL 02, 01537. ","37.648657,-4.698889000","block","honorific inscription","","Das Stück ist heute verschollen."
"HD030715","[--- u]xoris // ------] / [--- mo]rum probit[ate? ---] /rum [---] permansisti prob[a ---?] orbata es re[pente ante nuptiar]um diem utroque pa[rente in deserta soli]/tudine una o[ccisis per te maxu]me cum ego in Macedo[niam provinciam issem] / vir sororis tua[e C(aius) Cluvius in A]fricam provinciam [inulta non est relicta] / mors parentum / tanta cum industria m[unere es p]ietatis perfuncta ef[flagitando atque] / vindicando ut si praes t[o fu]issemus non ampliu[s potuissemus sed] / haec habes communia cum [s]anctissima femina s[orore tua] / quae dum agitabas ex patria domo propter custodia[m non cedisti sumpto] / de nocentibus supplicio evest[i]gio te in domum ma[tris meae tulisti ubi] / adventum meum expectast[i] / temptatae deinde estis ut testamen[tum] quo nos eramus heredes rupt[um diceretur] / coemptione facta cum uxore ita necessario te cum universis pat[ris bonis in] / tutelam eorum qui rem agitabant reccidisse sororem omni[no eorum bonorum] / fore expertem quod emancupata esset Cluvio qua mente ista acc[eperis qua prae]/sentia animi restiteris etsi afui conpertum habeo / veritate caussam communem [t]utata es testamentum ruptum non esse ut [uterque potius] / hereditatem teneremus quam omnia bona sola possideres certa qui[dem sententia] / te ita patris acta defensuram ut si non optinuisses partituram cum s[orore te adfir]/mares nec sub condicionem tutelae legitumae venturam quoius per [legem in te ius non] / esset neque enim familia[e] gens ulla probari poterat quae te id facere [impediret] / nam etsi patris testamentum ruptum esset tamen iis qui intenderen[t non esse id] / ius quia gentis eiusdem non essent / cesserunt constantiae tuae neque amplius rem sollicitarunt quo facto [offici in patrem] / pietatis in sororem fide[i] in nos patrocinium succeptum sola peregisti / rara sunt tam diuturna matrimonia finita morte non divertio in[terrupta contigit] / nobis ut ad annum XXXXI sine offensa perduceretur utinam vetust[a coniunctio habu]/isset mutationem vice m[e]a qua iustius erat cedere fato maiorem / domestica bona pudici[t]iae opsequi comitatis facilitatis lanificii stud[i religionis] / sine superstitione o[r]natus non conspiciendi cultus modici cur [memorem? cur dicam de cari]/tate familiae pietate [c]um aeque matrem meam ac tuos parentes col[ueris non alia mente] / illi quam tuis curaveris cetera innumerabilia habueris commun[ia cum omnibus] / matronis dignam f[a]mam colentibus propria sunt tua quae vindico ac [paucae uxores in] / similia inciderunt ut talia paterentur et praestarent quae rara ut essent [propitia] / fortuna cavit / omne tuom patrimonium acceptum ab parentibus communi diligentia cons[ervavimus] / neque enim erat adquirendi tibi cura quod totum mihi tradidisti officia [ita par]/titi sumus ut ego tu[t]elam tuae fortunae gererem tu meae custodiam sust[ineres multa] / de hac parte omittam ne tua propria mecum communicem satis sit [hoc] mi[hi tuis] / de sensibus [indi]casse / [liberali]tatem tuam c[u]m plurumis necessariis tum praecipue pietati praesti[tisti] / [--- licet qu]is alias nominaverit unam dumtaxat simillimam [tui ---] / [--- h]abuisti sororem tuam nam propinquas vestras d[ignas eiusmodi] / [--- bene]ficiis komibus vestris apud nos educavistis eaedem u[t condicio]/[nes aptas famili]ae vestrae consequi possent dotes parastis quas quid[em a vobis] / [constitutas comm]uni consilio ego et C(aius) Cluvius excepimus et probantes [sensus vestros] / [ne vestro patrimo]nio vos multaretis nostram rem familiarem sub[didimus vestrae] / [nostraque bona] in dotes dedimus quod non venditandi nostri c[aussa memoravi] / [sed ut illa consi]lia vestra concepta pia liberalitate honori no[s duxisse consta]/[ret exequi de nos]tris / [multa alia merit]a tua praetermittenda [mihi sunt ---] / [------ // [varia et ampla subsi]dia fugae meae praestitisti ornamentis / [me instruxisti] cum omne aurum margaritaque corpori / [tuo accommodata trad]idisti mihi et subinde familia nummis fructibus / [deceptis nostrorum a]dversariorum custodibus apsentiam meam locupletasti / [publicatis bonis repet]itis(?) quod ut conarere virtus tua te hortabatur / [mira pietas tua me m]unibat clementia eorum contra quos ea parabas / [nihilo minus tamen v]ox tua est firmitate animi emissa / [agmen conlectum ex repe]rtis hominibus a Milone quoius domus emptione / [potitus eram cum ille fuisset] exul belli civilis occasionibus inrupturum / [et direpturum --- reiecist]i [et defe]ndisti domum nostram / [------ ------] / [--- iure Caesar dixit tibi acceptum esse referendu]m extare [adhuc] / me patriae redditum a se [na]m nisi parasses quod servar[et] cavens saluti meae / inaniter opes suas pollice[ret]ur ita non minus pietati tu[a]e quam Caesari / me debeo quid ego nunc interiora [no]stra et recondita consilia s[e]rmonesque arcanos / eruam(?) ut repentinis nu[nt]iis ad praesentia et inminentia pericula evoca/tus tuis consiliis cons[er]vatus sim(?) ut neque audac[i]us experiri casus / temere passa sis et mod[es]tiora cogitanti fida receptacula pararis / sociosque consilioru[m t]uorum ad me servandum delegeris sororem / tuam et virum eius C(aium) Clu[viu]m coniuncto omnium periculo(?) infinita sint / si attingere coner sat [si]t mihi tibique salutariter m[e latuisse] / acerbissumum tamen in vi[ta] mihi accidisse tua vice fatebo[r reddito me iam] / cive patriae benificio et i[ud]icio apsentis Caesaris Augusti [quom abs te ---] / de restitutione mea M(arcus) L[epi]dus conlega praesens interp[ellaretur et ad eius] / pedes prostrata humi n[on] modo non adlevata sed tra[ducta et indignum in] / modum rapsata livori[bus c]orporis repleta firmissimo [animo eum admone]/res edicti Caesaris cum g[r]atulatione restitutionis me[ae atque vocibus eti]/am contumeliosis et cr[ud]elibus exceptis volneribus pa[lam conquereris] / ut auctor meorum peric[ul]orum notesceret quoi noc[uit mox ea res] / quid hac virtute efficaciu[s] praebere Caesari clementia[e locum et cum cu]/stodia spiritus mei not[a]re inportunam crudelitatem [Lepidi firma tua] / patientia(?) sed quid plura(?) parcamu[s] orationi quae debet et potest e[sse brevis ne maxu]/ma opera tractando pa[r]um digne peragamus quom pr[o maxumo documento] / meritorum tuorum oc[ulis] omnium praeferam titulum [salutis meae] / pacato orbe terrarum res[titut]a re publica quieta deinde n[obis et felicia] / tempora contigerunt fue[ru]nt optati liberi quos aliqua[mdiu sors nobis invi]/derat si fortuna procede[re e]sset passa sollemnis inservie[ns quid utrique no]/strum defuit(?) procedens a[li]as spem finiebat quid agitav[eris propterea quae]/que ingredi conata sis f[ors] sit an in quibusdem feminis [conspicua et memorabi]lia in te quidem minime a[dmi]randa conlata virtutibu[s ceteris omittam] / diffidens fecunditati tuae [et do]lens orbitate mea ne tenen[do in matrimonio] / te spem habendi liberos [dep]onerem atque eius caussa ess[em infelix de divertio] / elocuta es vocuamque [do]mum alterius fecunditati t[e tradituram non alia] / mente nisi ut nota con[co]rdia nostra tu ipsa mihi di[gnam et aptam con]/dicionem quaereres p[ara]resque ac futuros liberos t[e communes pro]/que tuis habituram adf[irm]ares neque patrimoni nos[tri quod adhuc] / fuerat commune separa[ti]onem facturam sed in eodem [arbitrio meo id] / et si vellem tuo ministerio [fu]turum nihil seiunctum ni[hil separatum te] / habituram sororis soc[rusve] officia pietatemque mihi d[ehinc praestituram] / fatear necessest adeo me exa[rsi]sse ut excesserim mente adeo [exhorruisse cona]/tus tuos ut vix redderer [mi]hi agitari divertia inter nos [ante quam nobis] / fato dicta lex esset poss[e te a]liquid concipere mente qua[re vivo me desineres] / esse mihi uxor cum paene [e]xule me vita fidissuma perman[sisses] / quae tanta mihi fuerit cu[pid]itas aut necessitas habendi li[beros ut propterea] / fidem exuerem mutare[m c]erta dubiis(?) sed quid plura(?) [cedens mihi mansisti] / aput me neque enim ced[er]e tibi sine dedecore meo et co[mmuni infelici]/tate poteram / tibi vero quid memorabi[lius] quam inserviendo mihi c[onsilium cepisse] / ut quom ex te liberos ha[b]ere non possem per te tamen [haberem et diffi]/dentia partus tui alteriu[s c]oniugio parares fecunditat[em](?) utinam patiente utriusqu[e a]etate procedere coniugium [potuisset donec e]/lato me maiore quod iu[sti]us erat suprema mihi praesta[res ego enim super]/stite te excederem orbitat[e f]ilia mihi supstituta / praecucurristi fato delegast[i] mihi luctum desiderio tui nec libe[ros foturos me mise]/rum reliquisti flectam ego quoque sensus meos ad iudicia tu[a] / omnia tua cogitata praescri[p]ta cedant laudibus tuis ut sint mi[hi solacia ne nimis] / desiderem quod inmort[ali]tati ad memoriam consecrat[um est] / fructus vitae tuae non derunt [m]ihi occurrente fama tua firma[tus animo atque] / doctus actis tuis resistam fo[rt]unae quae mihi non omnia erip[uit sed cum laudi]/bus crescere tui memoriam [pas]sa est sed quod tranquilli status e[rat mihi tecum] / amisi quam speculatricem e[t p]ropugnatricem meorum pericul[orum cogitans calami]/tate tate frangor nec permane[re] in promisso possum / naturalis dolor extorquet const[an]tiae vires maerore mersor et quibu[s animum firmabam] / in necutro mihi consto repeten[s p]ristinos casus meos futurosque eve[ntus cogitans con]cido mihi tantis talibusque pr[aesi]diis orbatus intuens famam tuam n[on tam constanter pa]/tiendo haec quam ad desider[ium] luctumque reservatus videor / ultumum huius orationis erit omn[ia] meruisse te neque omnia contigisse mi[hi ut praestarem] / tibi legem habui mandata tu[a] quod extra mihi liberum fuerit pr[aestabo] / te Di Manes tui ut quietam pat[ia]ntur atque ita tueantur opto // Tabula l[usoria?] / queri[s? ---] / [------","checked with photo","Roma","Italy","Roma","Roma","","9 BC","CIL 06, 41062; fig. α-η.  CIL 06, 01527.  CIL 06, 31670.  CIL 06, 37053.  ILS 8393.  AE 1899, 0095.  AE 1899, 0096.  AE 1949, 0181.  AE 1951, 0002.  AE 1951, 0247.  AE 1978, 0014.  AE 1985, 0035. ","41.895466,12.482324","tabula","epitaph","Marmor","7 teilweise aneinanderpassende Fragmente erhalten. Angegebene Maße beziehen sich auf die rekonstruierten Gesamtmaße. Inschrift ursprünglich in 2 Kolumnen angeordnet. Inschrift auf der Rückseite auf Fragment f: Tabula l[usoria?] / queri[s? ---] / [------; Maße: (39) x (59) x 8 cm; Buchstabenhöhe: 5,3 -1,5 cm; Dekor: vorhanden; Buchstabe A mit spitz nach unten zeigender Querhaste; Datierung: 4. Jh. n. Chr."
"HD030785","A(nte) d(iem) IIII Eid(us) Dec(embres) in Palatio in porticu qua&lt;e&gt; est ad Apollinis [scribendo] / adfuerunt M(arcus) Valer(ius) M(arci) f(ilius) Lem(onia) Messal&lt;l&gt;inus C(aius) Ateius L(uci) f(ilius) Ani(ensis) Capito Sex(tus) Pom[p(eius) Sex(ti) f(ilius)] / Arn(ensis) M(arcus) Pomp(eius) M(arci) f(ilius) Ter(etina) Priscus C(aius) Arrenus C(ai) f(ilius) Gal(eria) Gallus L(ucius) Nonius L(uci) f(ilius) Pom(ptina) A&lt;sp&gt;re[nas q(uaestor) M(arcus)] / Vinicius P(ubli) f(ilius) Pob(lilia) q(uaestor) quod Ti(berius) Caesar &lt;divi&gt; Aug(usti) f(ilius) Aug(ustus) pontifex maxumus(!) tribunic(ia) potest(ate) XXII co(n)s(ul) III desig(natus) [IIII] / ad senatum rettulit qualis causa Cn(aei) Pisonis &lt;patris&gt; visa esset et an merito sibi mortem conscisse vide[retur] / et qualis causa M(arci) Pisonis visa esset cui relationi adiecisset uti precum suarum pro adulescente m[emor] / is ordo esset &lt;et&gt; qualis causa Plancinae visa e&lt;s&gt;set pro qua persona quid petisset et quas propter causa[s ex]/posuisset antea et quid de Visellio Karo et de Sempronio Basso comitibus Cn(aei) Pisonis patris iudicaret / senatus d(e) i(is) r(ebus) i(ta) c(ensuerunt) senatu &lt;m=S&gt; populu&lt;m=S&gt;q(ue) R(omanum) ante omnia dis immortalibus gratias agere quod ne/faris consilis Cn(aei) Pisonis patris tranquillitatem praesentis status r(ei) p(ublicae) quo melior &lt;optari&gt; non pote(!) &lt;e=V&gt;t quo{d} beneficio principis nostri frui contigit turbar&lt;i=E&gt; passi non sunt deinde Ti(berio) Caesari Aug(usto) / principi nostro quod earum rerum omnium quae ad explorandam veritatem necessariae / fuerunt copiam senatu&lt;i=S&gt; fecerit cuius aequitatem et patientiam hoc quoq(ue) nomine admirari {se} / senatum quod &lt;cum&gt; manufestissim&lt;a=VM&gt; sint Cn(aei) Pisonis patris scelera et ipse de se supplicium sumpsisset nihilominus causa&lt;m&gt; eius cognosci voluerit filiosque eius arcessitos &lt;h&gt;ortatus sit ut patris sui / causam defendere&lt;n&gt;t ita ut eum quoq(ue) qui ordinis senatori nondum esset ob eam rem introduci in / senatum vellet et copiam utr&lt;i&gt;q(ue) dicendi pro patre et pro matre ipsorum et pro M(arco) Pison&lt;e=IM&gt; faceret / itaque cum per aliquo&lt;t=D&gt; dies acta causa sit ab accusatoribus Cn(aei) Pisonis patris et ab ipso Cn(aeo) Pisone &lt;patre&gt; / recitatae epistulae recitata exemp{u}laria codicillorum quos Germanicus Caesar Cn(aeo) Pisoni / patri scripsisset producti testes quoiusque(!) ii ordinis sint &lt;senatum?&gt; a&lt;rbit=DMI&gt;rari singularem moderation/em patientiamq(ue) Germanici Caesaris evicta&lt;m&gt; esse feritate morum Cn(aei) Pisonis patris atq(ue) ob id / morientem Germanicum Caesarem quoius(!) mortis fuisse caussam(!) Cn(aeum) Pisonem patrem ipse / testatus sit non inmerito amicitiam ei renuntiasse qui cum deberet meminisse adiutorem se / [datu]m esse Germanico Caesari qui a principe nostro ex auctoritate huius ordinis ad rerum / [tra]nsmarinarum statum componendum missus esset desiderantium praesentiam aut ipsius / [Ti(beri) C]aesaris Aug(usti) aut filiorum alterius utrius neclecta(!) maiestate{m} domus Aug(ustae) neclecto(!) et/[iam] iure publico quod adle&lt;c=G&gt;t&lt;us&gt; pro co(n)s(ule) et ei pro co(n)s(ule) de quo lex ad populum lata esset ut in qua&lt;mcum&gt;q(ue) / [---] provinciam venisset m&lt;ai=IN&gt;us ei imperium quam &lt;ei=SIBI&gt; qui eam provinciam proco(n)s(ul)e optine/[ret e]sset dum in omni re m&lt;ai=IN&gt;us imperium Ti(berio) Cae&lt;s&gt;ar&lt;i=E&gt; Aug(usto) quam Germanico Caesari esset ta/[mqua]m ipsius arbitri et potestatis &lt;omnia&gt; esse deberent ita se &lt;cum&gt; in provincia{m} Syria{m} fuerit gesserit / [bellum {c}]{um} Armeniacum et Part(h)icum quantum in ipso fuerit moverit quod neq(ue) ex mandatis / [principi]s nostri epistulisq(ue) frequentibus Germanici Caesaris cum is abesset Vononem qui sus/[pectus reg]i Part(h)orum erat longius removeri voluerit ne profugere ex custodia posset id qu&lt;od&gt; / [fecit e]t conloqui quosdam ex numero Armeniorum malos et audaces cum Vonone passus / [sit ut pe]r eosdem tumultus in Armenia{m} excitaretur ac Vonone&lt;s&gt; vel oc&lt;c&gt;iso vel &lt;ex=IN&gt;pulso rege Ar/[meni]ae quem Germanicus Caesar ex voluntate patris sui senatus&lt;q&gt;(ue) regem ei genti dedisset &lt;eam&gt; occu/[par]et eaq(ue) magnis muneribus Vononis corrupt&lt;u=I&gt;s fecerit bellum etiam civile excitare cona/[tus s]it iam pridem numin&lt;e=I&gt; divi Aug(usti) virtutibusq(ue) Ti(beri) Caesaris Aug(usti) omnibus civi&lt;li=BV&gt;s belli{s} sepu/[ltis ma]lis repetendo provinciam &lt;Syriam&gt; post mortem Germanici Caesaris quam vivo eo pessumo et / [animo e]t exemplo reliquerat atq(ue) ob id milite&lt;s=M&gt; Romani inter se con{cu}curre&lt;re&gt; co&lt;ac=NA&gt;ti s&lt;i=V&gt;nt pe/[rspect]a etiam crudelitate{m} unica qui incognita caussa sine consili sententia{m} plurumos(!) / [capitis s]upplicio adfecisset neq(ue) externos tantummodo sed etiam centurionem c(ivem) R(omanum) crucifixi/[sset qui] militarem disciplinam ab divo Aug(usto) institutam et servatam ab Ti(berio) Caesare Aug(usto) corrup/[isset non] solum indulgendo militibus &lt;ne h&gt;is qui ipsis praesunt more vetustissumo(!) parerent / sed [etiam do]nativa suo nomine ex fisco principis nostri dando quo fact&lt;o=I&gt; milites alios Pisonian/[os] alios Caesarianos dici laetatus sit honorando etiam eo&lt;s&gt; qui post &lt;t&gt;alis nominis usurp/[atione]m ipsi paruisse&lt;n&gt;t qui post mortem Germanici Caesaris quoius(!) interitum &lt;non&gt; p(opulus) R(omanus) modo sed / [exte]rae quoq(ue) gentes luxserunt(!) patri optumo(!) et indulgentissumo(!) libellum quo eum accus/[ar]et mittere ausus sit oblitus non tantum venerationis caritatisq(ue) quae principis fili[o de]/[be]bantur ceterum humanitatis quoq(ue) quae ultra mortem &lt;odia&gt; non pati{un}tur procedere et [cui]/[us] mortem gavisum esse eum &lt;h&gt;is argumentis senatu&lt;i=S&gt; appar{a}uerit quod nefaria sacrificia a[b eo] [fa]cta quod naves quibus veheba{n}tur &lt;ornatae&gt; sint quod recluser&lt;i=VN&gt;t deorum immortalium temp[la] / [qu]ae totius imperii Romani constantissuma(!) pietas clauserat e&lt;iu&gt;sdemq(ue) habitus animi argu[me]/[n]tum fuerit quod dedisse&lt;t&gt; congiarium ei qui nuntiaverit sibi de morte Germanici Caesaris [pro]/batum&lt;q&gt;(ue) sit frequenter{q(ue)} convivia habuisse eum iis ipsis diebus quibus de morte Germanici &lt;Caesaris&gt; ei [nu]/ntiatum erat numen quoq(ue) divi Aug(usti) violatum esse ab eo arbitrari senatum omni honore [qui a]/ut memoriae eius aut imagin&lt;ibu=E&gt;s quae antequam in deorum numerum referretur ei r[eddi?]/tae erant habeba{n}tur detracto quas ob res arbitrari senatum non optulisse(!) e[um se] / de&lt;b=D&gt;itae poenae sed maiori et quam inmin&lt;e=O&gt;re{m} sibi ab pietate et severitate iudic[anti]/um intellegeba{n}t subtraxisse itaq(ue) iis poenis quas a semet ipso exegisset adicer[e ne] luctus mortis eius caussa(!) a feminis quibus {e}is more &lt;maiorum&gt; si hoc senatus consultum factum [non es]/set lugendus esset susciperetur utiq(ue) statuae et imagines Cn(aei) Pisonis patris quae ubique posi[tae essent] tollerentur recte et ordine facturos qui quandoq(ue) familiae Calpurniae essent quive eam [familiam] / cognatione adfinitateve contingerent si dedissent operam si quis eius genti&lt;s&gt; aut quis eo[rum qui cog]//[natus adfinisve --- Calpurniae famili]ae fuisset mortuos esse&lt;t&gt; ne inter reliquas imagines &lt;quae&gt; ex/[equias eorum funerum celebrare solent im]ago Cn(aei) Pisonis patris duceretur neve imaginibus &lt;familiae&gt; Calpurnia&lt;e&gt; / [imago eius interponeretur utiq(ue) Cn(aei) Pisonis p]atris nomen tolleretur ex titulo statuae Germanici Caesari&lt;s&gt; / [quam ei sodales Augustales in campo ad aram P]rovidentiae posuissent utiq(ue) bona Cn(aei) Pisonis patris publica/[rentur ---]E saltum placere Ti(berio) Caesari Aug(usto) principi nostro cuius a patre / [divo Aug(usto) Cn(aeo) Pisoni patri donatus erat reddi cum is] idcirco dari eum sibi desideras&lt;s&gt;et quod &lt;civitates?&gt; quarum &lt;fines&gt; hos saltus contin/[gerent frequenter de iniuris Cn(aei) Pisonis patris liberto]rumq(ue) et servorum eius qu{a}es{i}ta&lt;e&gt; esse&lt;n&gt;t a &lt;t=D&gt;/q(ue) ob id providendum / [putaret ne postea iure meritoq(ue) soci p(opuli) R(omani) queri po]sse&lt;nt&gt; item senatum memorem clementiae suae iustitiae/[q(ue) &lt;atq&gt;(ue) animi magnitudinis quas virtutes {qu]as} ab maioribus suis accepisset tum praecipue ab divo Aug(usto) / [et Ti(berio) Caesare Aug(usto) principibus suis didicisset ex bonis C]n(aei) Pisonis patris publicatis aequom(!) humanumq(ue) censer/[e filio eius Pisoni maiori de quo nihil esset dictum qui pri]ncipis nostri q(uaestor) fuisset et quem Germanicus quoq(ue) liberalita/t[e sua honorasset qui complura modestiae suae posuisse]t pignora ex quibus sperari posset dissimillum&lt;um&gt;(!) eum patri su[o futurum donari nomine principis et senatus part]em dimidiam bonorum eumq(ue) cum tanto beneficio obliga/ret[ur recte atq(ue) ordine facturum si praenomen patri]s mutasset M(arco) etiam Pisoni qu&lt;o&gt;i(!) inpunitate&lt;m&gt; senatus / hum[anitati et moderationi principis nostri adsensus dand]am esse{t} arbitraretur quo facilius inviolatum sena/tus ben[eficium ad eum perveniret alteram partem dimidi]am bonorum paternorum dari ita ut ex omnibus / bonis qu[ae decreto senatus publicata et concessa eis essent] n(ummum) X(decies centena milia) dotis nomine Calpurniae Cn(aei) Pisonis f(iliae) item pecu/li nomin[e n(ummum) XXXX(quadragies centena milia) daretur item placere uti Cn(aeus) Piso pat]er supra portam Fontinalem quae inaedificasset iun/gendarum [domum privatarum caussa! ea curatores locorum publicoru]m iudicandorum tollenda dimolienda curarent / quod ad Plancina[e caussam! pertineret quoi! plurum! et gravissu]ma(!) crimina obiecta essent quoniam confiteretur se / omnem spem i[n misericordia principis nostri et senatus] habere et saepe princeps noster accurateq(ue) ab eo ordine / petierit ut co[ntentus senatus Cn(aei) Pisonis patris poena uxori ei]us sic uti M(arco) f(ilio) parceret et pro Plancina rogatu matris sua&lt;e&gt; / depreca&lt;tus&gt; s&lt;it&gt; et q[uam ob rem id mater sua inpetrare vellet iustis]suma&lt;s&gt;(!) ab ea sibi causas expositas acceperit senatum arbi/trari et Iuli[ae Aug(ustae) optime de r(e) p(ublica) meritae non partu] modo principis nostri sed etiam multis magnisq(ue) erga cui/usq(ue) ordinis h[omines beneficis quae cum iure meritoq(ue) plurumum!] posse&lt;t&gt; in eo quod a senatu petere deberet parcissume(!) utere/tur eo et pr[incipis nostri summae erga matrem suam pieta]ti suffragandum indulgendumq(ue) esse remittiq(ue) poenam / Plancina[e placere Visellio Karo et Sempronio Basso comitibus] Cn(aei) Pisonis patris et omnium malificiorum socis ac minis/tris aqua e[t igne interdici oportere ab eo pr(aetore) qui legem maiestatis quaereret] bonaq(ue) eorum ab pr(aetoribus) qui aerario praeesse&lt;n&gt;t venire et in / aerariu[m redigi placere item cum iudicaret senatus omnium par]tium pietatem antecess&lt;iss&gt;e Ti(berium) Caesarem Aug(ustum) principem nos/trum t[anti et tam aequalis dolori&lt;s eius indicis&gt; totiens conspectis quibus eti]am senatus vehementer motus sit magnopere rogare / et peter[e ut omnem curam quam in duos quondam filios suos partitus] erat ad eum quem haberet converteret sperareq(ue) se/natum [eum qui supersit tanto maiori curae dis immortalibus] fore quanto magis intellegerent omnem spem / futur[am paternae pro r(e) p(ublica) stationis in uno repositam quo nomine d]ebere eum finire dolorem ac restituere patriae suae / non [tantum animum sed etiam voltum qui publicae felicitati co]nveniret item senatum magnopere laudare Iuliae / Aug(ustae) [Drusiq(ue) Caesaris moderationem imitantium principis nostri i]ustitiam quos animadvertere{t} hunc ordinem non / ma[iorem pietatem in Germanicum quam aequitatem in servandis i]ntegris iudicis suis donec de causa Cn(aei) Pisonis patris / cog[nosceretur praestitisse ceterorum quoq(ue) contingentium Germ]anicum Caesarem necessitudine magnopere pro/b[are Agrippinae quam senatui memoriam divi Aug(usti) quoi! fuisset prob]atissuma(!) et viri Germanici cum quo unica concor/d[ia vixsisset et tot pignora edita partu felicissumo! eorum qui superesse]nt commendare itemq(ue) Antoniae Germanici [Caesaris] / [matris quae unum matrimonium Drusi Germanici patris exp]erta sanctitate morum dignam se divo Aug(usto) / [tam arta propinquitate exhibuerit et Liviae sororis Germanici Caesaris] de qua optume(!) et avia sua et socer idemq(ue) patruos / [princeps noster iudicaret quorum iudicis etiam si non contingeret domum eo]rum merito gloriari posset nedum tam con/[iunctis necessitudinibus inligata femina quarum aeq(ue) et dolorem fide]lissumum(!) et in dolore moderatione&lt;m&gt; sena/[tum probare item quod filiorum Germanici puerilis et pra]ecipue in Nerone{m} Caesare{m} iam etiam / [iu(v)enis dolor amisso patre tali itemq(ue) Ti(beri) Germanici fratris {Ti}(beri) Germ(anici) Caesar(is) non e]xc&lt;e=V&gt;sserit modum probabilem iudicare / [senatum referendum quidem esse acceptum maxume! discipulinae avi eorum et pa]trui et Iuliae Aug(ustae) sed tam&lt;en&gt; ipsorum quoq(ue) no/[mine laudandum existumaret item equestris ordinis curam et i]ndustriam unic&lt;e=I&gt; senatui probari quod / [fideliter intellexsisset quanta res et quam ad omnium salutem pietate]mq(ue) pertinens ageretur et quod frequenti/[bus adclamationibus adfectum animi sui et dolorem de principis nostri] filiq(ue) eius iniuris ac pro r(ei) p(ublicae) utilitate testa/[tus sit plebem quoq(ue) laudare senatum quod cum equestri ordine consen]serit pietatemq(ue) suam erga principem / [nostrum memoriamq(ue) fili eius significaverit et cum effusissumis! studis ad re]praesentandam &lt;poenam&gt; Cn(aei) Pisonis patris / [ab semet ipsa accensa esset regi tamen exemplo equestris ordinis a principe] nostro &lt;se passa&gt; sit item senatum probare eo/[rum militum fidem quorum animi frustra sollicitati essent scelere Cn(aei) Pisoni]s patris omnesq(ue) qui &lt;sub&gt; auspicis et im/[perio principis nostri milites essent quam fidem pietatemq(ue) domui Aug(ustae) praestarent eam spe]rare perpetuo praestaturos / [cum scirent salutem imperi nostri in eius domus custodia positam esse senatum a]rbitrari eorum curae atq(ue) offi/[ci esse ut aput! eos ii qui quandoq(ue) eis prae(e)ssent plurumum! auctoritatis haberent qui fidelissum]a(!) pietate salutare huic urbi im/[perioq(ue) p(opuli) R(omani) nomen Caesarum coluissent et quo facilius totius actae rei ordo posterorum m]emoriae tradi posset atq(ue) ii{s} sci/[rent quid et de singulari moderatione Germanici Caesaris et de sceleribus Cn(aei) Pisonis patris senat]us iudicasset placere uti oratio / [quam recitasset princeps noster itemq(ue) haec senatus consulta in aere incisa quo loco Ti(berio) Caesari Aug(usto) videretu]r ponere&lt;n&gt;tur utiq(ue) hoc s(enatus) c(onsultum) in / [cuiusque provinciae celeberruma! urbe eiusq(ue) in urbis ipsius celeberrumo! loco in aere incisum figere]{n}tur itemq(ue) hoc s(enatus) c(onsultum) in hiber/[nis cuiusq(ue) legionis at signa figeretur censuerunt in senatu fuerunt CCCI hoc s(enatus) c(onsultum) factu]m est per relationem solum / [Ti(berius) Caesar Aug(ustus) trib(unicia) potestate XXII manu mea scripsi velle me h(oc) s(enatus) c(onsultum) quod est factum IIII Idus Decem(bres) Cotta et M]essa&lt;l&gt;la co(n)s(ulibus) referente me scrip/[tum referri in tabulas publicas] ","provisional","Baetica","Spain","Gemella?","El Nido del Grajo","","10. 12. 20 AD","CIL 02 (2. Aufl.) 05, 00900; Foto.  AE 1996, 0885.  W. Eck - A. Caballos - F. Fernández, Das senatus consultum de Cn.  Pisone patre (München 1996). - AE 1996.  A. Caballos - W. Eck - F. Fernández, El senadoconsulto de Gneo Pisón padre (Sevilla 1996). - AE 1996.  M. Griffin, JRS 87, 1997, 249-263. - AE 1996.  D. Potter, JRA 11, 1998, 437-457. - AE 1996.  C. Damon - S. Takács, AJPh 120, 1, 1999, 1-12. - AE 1996.  D.S. Potter - C. Damon, AJPh 120, 1, 1999, 13-41; pl. 1-8. - AE 1996. ","37.236984,-5.102780000","tabula","public legal inscription","Bronze","Sogenanntes senatus consultum de Cn. Pisone patre. 4 Fragmente einer Bronzetafel; Maße beziehen sich auf die 3 aneinanderpassenden Fragmente a-c; Maße Fragment d: 60,5 x (25,2) x 0,4 cm. Ursprüngliche Breite: ca. 91 cm. Lesung nach CIL 02 (2. Aufl.) 05, 00900."
"HD030880","[Pr]o salute Imp(eratoris) Caes(aris) divi Septimi Severi [P]ii Ara[b(ici)] Adiabe[nic]i Parthici maximi Brit[an]nici maximi fil(i) divi M(arci) Antonini Pii Germanici Sarmatici nepot(is) divi Antonini Pii / pronepot(is) divi Hadriani abnep(otis) divi Traiani Parthici et divi Nervae adnepot(is) M(arci) Aureli Antonini Pii Felicis principis iuventutis Augusti / Parthici maximi Brittann[i]ci max(imi) pont(ificis) max(imi) trib(unicia) potest(ate) XV imp(eratoris) II co(n)s(ulis) III p(atris) p(atriae) et Iuli[ae] Domnae Augustae Piae Felic[i]s matris Aug(usti) et castrorum et senatus totiusq(ue) domus divinae / P(ublius) Opstorius Saturninus fl(amen) p(erpetuus) sac(erdos) Merc(uri) cum patriae suae Vazitanae triplicata summa fl(amoni) p(erpetui) HS III m(ilibus) n(ummum) aedem Mercurio Sobrio pollicitus fuisset ampliata liberalitate eandem aedem / cum pronao et ara fecit et ob dedicat(ionem) aepulum(!) et gymnasium ded[it lo]c(o) dat(o) d(ecreto) d(ecurionum) idem iam ant(e) hoc ob honorem XI pr(imatus) aed[e]m Aesculapio deo promissam bassil(icam)(!) coh(a)erent(em) multiplicata pec(unia) fecit","provisional","Africa Proconsularis","Tunisia","(Civitas Vazitana Sarra)","Henchir Bez","","208 AD - 209 AD","B.E. Thomasson, Fasti Africani. Senatorische und ritterliche Amtsträger in den römischen Provinzen Nordafrikas von Augustus bis Diokletian (Stockholm 1996) 82, Nr. 111b.  CIL 08, 12006. ","36.01617,9.530301","","building/dedicatory inscription","",""
"HD032452","[Imp(erator) Caes(ar)] divi Traiani [Parthici f(ilius) divi Nervae nep(os)] / [Traianus H]adrianus Aug(ustus) [pontif(ex) max(imus) trib(unicia) pot(estate) --- co(n)s(ul) --- p(ater) p(atriae)] / liberalit[ate sua ---]","checked with photo","Aemilia (Regio VIII)","Italy","Caesena","Cesena","Biblioteca Malatestiana, bei","117 AD - 138 AD","M. Horster, Bauinschriften römischer Kaiser (Stuttgart 2001) 331-332, Nr. VIII 3, 1. (B)  G. Alföldy, Epigraphica 64, 2002, 144-145.  AE 1991, 0694.  F. Cenerini, SupplIt 8 (Roma 1991) 103-104, Nr. 2; Foto. ","44.139094,12.242928","architectural member","building/dedicatory inscription","","Architrav; rekonstruierte Gesamtlänge: ca. 3 m. (B): Horster: Z. 1: d]ivi."
"HD032455","Balneum Aurelianum ex liberalitate / Imp(eratoris) Caes(aris) M(arci) Aureli Pii Fel(icis) Aug(usti) / servata indulgentia pecuniae eius / quam deus Aurelianus concesserat / facta usurarum exactione / curante Statio Iuliano v(iro) e(gregio) curatore / res [publica] refecit","no image","Aemilia (Regio VIII)","Italy","Caesena","Cesena","S. Maria in Monte, Kirche, sekundär verwendet","276 AD - 283 AD","M. Horster, Bauinschriften römischer Kaiser (Stuttgart 2001) 332, Nr.  VIII 3,2.  CIL 11, 00556.  ILS 5687. ","44.139094,12.242928","","building/dedicatory inscription","","Das Stück ist nicht mehr auffindbar. Datierung: je nach Deutung von Z. 2 unter Probus (Sommer 276 - Herbst 282 n. Chr.) oder unter Carus (August / September 282 - Juli / August 283 n. Chr.)."
"HD032512","[Ex li]ber[alitate Imp(eratoris)] Caes[ar(is)? divi] / [Traiani Par]thi[ci f(ili) divi] Nervae [n(epotis)] / [Traiani] Hadriani Aug(usti) [---] / [--- p]ecun[ia ---] vetustat[e ---] / [muni]cip(---) Cas[tr]i Moenien[s---]","no image","Latium et Campania (Regio I)","Italy","Castrimoenium","Marino","","117 AD - 138 AD","M. Horster, Bauinschriften römischer Kaiser (Stuttgart 2001) 259- 260, Nr. Ia 5.  CIL 14, 02460. ","41.769804,12.658528","","building/dedicatory inscription","",""
"HD032551","Divo Hadr[iano] / maximae mem[oriae] / principi / senatus populusq(ue) S[igninus] / quod opera reipubl[icae utilia] / profusa liberalita[te antea] / data pecunia t[est(amento) perfici] / iusser[it]","no image","Latium et Campania (Regio I)","Italy","Signia","Segni","","138 AD","M. Horster, Bauinschriften römischer Kaiser (Stuttgart 2001) 276, Nr. Ia 12.  CIL 10, 05963. ","41.688296,13.016278","","building/dedicatory inscription","","Datierung: Nach dem Tod Hadrians am 10.7.138."
"HD033398","Imp(eratori) Caes(ari) / M(arco) Antonio / Gordiano Pio / Fel(ici) Aug(usto) p(atri) p(atriae) co(n)s(uli) II / proco(n)s(uli) tribun(icia) / potest(ate) V pont(ifici) / maximo / res publica / ex liberalitate / Matidiarum / d(ecreto) d(ecurionum)","no image","Venetia et Histria (Regio X)","Italy","Vicetia","Vicenza","S. Barbara, Kirche","242 AD","G. Alföldy, Römische Statuen in Venetia et Histria. Epigraphische Quellen (Heidelberg 1984) 123, Nr. 177.  CIL 05, 03112.  ILS 0501. ","45.545772999,11.540277","statue base","honorific inscription","",""
"HD043678","------ humani? g?]ener[is? ---] / [--- li]berali[ta------ // ------] co(n)s(ulari) [------","checked with photo","Dacia","Romania","Tibiscum","Caransebeş","Jupa, {Lager/Vicus}?","151 AD - 230 AD","AE 1999, 1299.  ILD 210.  I. Piso - D. Benea, ActaMusNapoca 36, 1, 1999, 100-101, Nr. 5; fig. 6a u. 7; fig. 6b (Zeichnung). - AE 1999. ","45.467256057,22.188002548","tabula","honorific inscription","","2 nicht aneinanderpassende Fragmente; Maße beziehen sich auf Fragment a; b: (20) x (16) x 9 cm; Ergänzungsvorschlag nach Piso und Benea. Möglicherweise zu einer 4 x 2 m großen Basis für ein Mitglied des Kaiserhauses gehörig."
"HD044516","[------] / [---]ϹΙΑ ΗΝ[---] / [---] quitquit(!) peti[tis ---] / [--- n]ostra liberal[itas ---] / [---]ΤΩΑΓΩ[---] / [---] quidquid vulti[s ---] / [---] habet Chrest[ian ---] / [--- Septi]m(ius) Severus Aug(ustus) [---] / [--- sum]ptu[---] / [------]","checked with drawing","Thracia","Turkey","Perinthus","Marmara Ereğlisi","","193 AD - 211 AD","M.H. Sayar, Perinthos-Herakleia (Marmara Ereğlisi) und Umgebung Geschichte, Testimonien, griechische und lateinische Inschriften (Wien 1998) 218, Nr. 36; Zeichnung.  CIL 03, 14207, 8. ","40.966464275,27.959545250","tabula","public legal inscription?","",""
"HD044565","[Imperatori Caesari Marco Aurelio] / [Antonino Pio Felici Aug(usto) Parthico max(imo)] / [pont]if(ici) max(imo) B[rit(annico) max(imo) trib(unicia) pot]es[t(ate) XVI imp(eratori) II] / [co(n)s(uli) IIII] proco(n)[s(uli) felicissimo f]ortissimoq[ue] / princ(ipi) indul[gentiis eius aucta] liberalitat[i]busq[ue] / ditata [coh(ors) III Campestris Anto]niniana c(ivium) R(omanorum)","checked with photo","Dacia","Romania","Porolissum","Mirşid","Moigrad, {Tempel des Iuppiter Dolichenus}","213 AD","AE 2005, 1290.  AE 1979, 0492. (B)  AE 1958, 0231. (B)  I. Piso, ActaMusNapoca 41/42, 2004/05, 185-188, Nr. II; fig. 2a; fig. 2b (Zeichnung). - AE 2005.  I. Piso, in: F. Beutler - W. Hameter (Hrsg.), ""Eine ganz normale Inschrift"" ...  und ähnliches zum Geburtstag von Ekkehard Weber. Festschrift zum 30. April 2005 (Wien 2005) 327-330; Abb. 1 (Foto u. Zeichnung). - AE 2005.  E. Tóth, Porolissum. Das castellum in Moigrad. Ausgrabungen von A. Radnóti, 1943 (Budapest 1978) 22-24, Nr. 10; Taf. 6, 10. (B) - AE 1979.  M. Macrea, StCercIstorV 8, 1957, 227-234, Nr. 3; fig. 4; fig. 5 (Zeichnung). (B) - AE 1958.  N. Gudea - V. Lucăcel, Inscripţii şi monumente sculpturale în Muzeul de Istorie şi Artă Zalău (Zalău 1975) 9-10, Nr. 4; Fotos. (B)  ILD 661. (B)  AE 2015, 1142.  I. Piso, ActaMusPorol 37, 2015, 204-206, Nr. 23; fig. 24 u. 25 (Zeichnungen). - AE 2015. ","47.181403688,23.157500624","tabula","honorific inscription","Kalkstein","7 Fragmente erhalten; davon 2 erst 1943 gefunden. Rekonstruierte Maße: ca. 120 x 350 x 20 cm. Inschriftfeld in Form einer tabula ansata. Z. 2/3: Fragment g mit den Buchstaben [---]ART[---] / [---]O[---] ist heute verschollen. Lesung und Ergänzung nach Piso, ActaMusPorol. (B): Macrea; AE 1958; Tóth; AE 1979; Gudea - Lucăcel; ILD: Lesung / Ergänzung abweichend / unvollständig."
"HD045039","------]o/[que] principi ala / I Hisp(anorum) Campag(onum) Anto/niniana indulgenti/is eius aucta liberali/t[at]ibusque ditata / [------","checked with drawing","Dacia","Romania","Micia","Veţel","{Micia}","211 AD - 217 AD","IDR 3, 3, 057; fig. 45 (Zeichnung).  CIL 03, 01378. ","45.914556455,22.816629409","tabula","honorific inscription","","Von dem Fragment ist heute nur noch ein Teil erhalten; Maße: (8) x (62) x 15 cm."
"HD045323","Genio splendi/dissimi ordinis / decurionum muni/cipi(i) Alex(andriani) Giufitani / P(ublius) Pompeius P(ubli) fil(ius) / Papiria Geminus / et C(aius) Areius Rogati / fil(ius) Pap(iria) Rogatus quaes/torici(!) aediles sua / liberalitate fece/runt et ob dedicati/onem epulum decuri/onibus dederunt / l(ocus) d(atus) d(ecreto) d(ecurionum)","provisional","Africa Proconsularis","Tunisia","Giufi","Bir-Mcherga","","","AE 2003, 1985. ","36.520000000,9.9599790000","altar","votive inscription","",""
"HD048068","[Imp(eratori) Caes(ari) M(arco) Aurelio] / [Severo Alexandro] / [Pio Felici Aug(usto) optimo] / [maxi]moque princi[pi] / [indul]gentiis eius aucta / [libe]ralitatibusque di/[tat]a ala Frontoniana / [Alex]andriana ex quaestura / [sua] dedicante Iasdio / [Domi]tiano leg(ato) Aug(usti) pr(o) pr(aetore)","checked with drawing","Dacia","Romania","Arcobadara","Uriu","Ilişua, Lager, {Westtor}, sekundär verwendet?","222 AD - 235 AD","CIL 03, 00797.  C. Gaiu - R. Zăgreanu, Inscripţii şi piese sculpturale din castrul roman de la Ilişua (Cluj-Napoca 2011) 69-70, Nr. 1.1.5; pl. 3, 1.1.5 (Zeichnung).  I. Piso, Fasti provinciae Daciae 1. Die senatorischen Amtsträger (Bonn 1993) 192-196, Nr. 3.  PIR (2. Aufl.) I 12. ","47.210487824,24.094165563","tabula?","honorific inscription","",""
"HD049926","Calpurnio Faustino / Faustini filio flamini / Aug(usti) perp(etuo) civitas Thug(ga) / ob eximiam eius in ci/ves suos liberalitatem / qua siquando necessitas / rei frumentariae postu/lavit frumentum populo / quantumcumque habuit / multo minore pretio quam / [tunc er]at [---]n[------","provisional","Africa Proconsularis","Tunisia","Thugga","Dougga","","","AE 1997, 1651. ","36.423535678,9.2186987400","statue base","honorific inscription","",""
"HD050420","------] iustame[--] [diligente]r pendentes ne qua forte / [---]tata latuisset cuius occasio temeritati supra / [memoratorum insidiandi pec]uniis innocentium aliquam tribueret facultatem / [competentibus remedi]is censuimus corrigendam placet itaque ut quicu[mque] / [in diem XIII Kal(endas) Octobres] consulatus scilicet nostri Constanti et Maximiani / [Augg(ustorum) V ex adnotationibu]s eorum qui adversae fortunae arbitriis subiugati{o} locum / [fisco fecerant calumnias] sustinebant hi piaetatis(!) nostrae beneficiis liberentur / [nec deinceps ullas o]mnino huiusquemodi fiscales molestias pertimescant si / [enim iniquum liberalitat]is nostrae sensibus visum sit ex his scripturis aliquos con[veniri] / [quas aut inimicus ulc]iscendi se etiam post obitum studio infensus adscribit au[t] / [tamquam in semen luc]rorum seu etiam praedationum immoderata Caesarianorum / [nequitia et exsecranda co]nmenta est et quo huiusmodi inquietudinum tituli s[tirpitus] / [amputati semper consopiant]ur noscite sanctionis nostrae processisse mandat[a ut] / [omnes omnino adnotatio]nes que in diem supra memoratum penes fisci offici[a remansissent] / [in libellis seu membranis seu] etiam chartis aut in quibuslibet instrumentis / [ilico ad comitatum nostru]m mitterentur scilicet ne{c} etiam post ista nost[rae pietatis] / [beneficia remanentibus h]uiusquemodi instrumentis penes officia sup[ra dicta more] / [consueto semper spoliand]i provinciales nostros Caesarianis inpertire[tur occasio nec] / [postea nisi ex manifesti]s probationibus et cautionibus rite conscripti[s] / [in fiscale iudicium vocar]etur illis etiam significationum nostrarum in[structione] / [mandatis ut si quae deince]ps pari casu fisci nostri rationibus adnotationes s[uppeditarentur] / [nullo eorum nomine interp]ellato omnes ad comitatum nostrum ilico dir[igerentur] / [unde perspicitur iuxta consti]tutam nostrae clementiae sanctionem si cui [ex hoc] / [------","provisional","Lycia et Pamphylia","Turkey","Tlos","","","305 AD","AE 1996, 1498.  CIL 03, 12134. ","36.554809451,29.418752789","","public legal inscription","",""
"HD050698","C(aio) Aemilio Ni/gro Annio Sen/ecae filio Arvaco / Galeria Sexitan(o) / flamini divorum / Augustorum / provinciae Baeticae / amico rarissimo Ae/mili Ligurius et Itali/cus et Delius eximia / pro liber(alitate) posue/runt","provisional","Baetica","Spain","Sexi","Almuñécar","","171 AD - 200 AD","AE 1995, 0845.  AE 1998, 0727.  AE 1999, 0898.  HEp 09, 1999, 0367. ","36.73393,-3.69072","statue base","honorific inscription","",""
"HD052449","Beatissimis florentissimisq(ue) [temp]orib(us) ddd(ominorum) nnn(ostrorum) Arcadi Honori et Theodosi / ppp(erpetuorum) Auggg(ustorum) administrante M[an]lio Crepereio Scipione Vincentio v(iro) c(larissimo) / consulare p(rovinciae) Fl(aviae) Valeriae Byz(acenae) plateam quae splendori est civita/ti et huic natura loci denecabat ornatum aegestis ruderib(us) inaequalitate silicib(us) coequa/tam(!) additis quoq(ue) columnis arcib(us) circumclusis in meliorem faciem T(itus) F(lavius) Dyscolius / Therapius ex t(ribuno) fl(amen) p(er)p(etuus) c(urator) r(ei) p(ublicae) liberalitatem ob amorem civicum patriae inpendens proprio / sumptu excoluit perfecit et ludos scenicos praemiales edidit et cum splendi/dissimo ordine feliciter dedicavit","provisional","Africa Proconsularis","Tunisia","Aradi","Sidi Jdidi","Grab des Felix, sekundär verwendet","402 AD - 408 AD","AE 2004, 1798. ","36.309995999,9.6096909999","tabula","","",""
"HD052465","------]D[---] / [--- equo] publ(ico) ab Im[p(eratore) C]a[es(are) H]adriano / Aug(usto) f[l(amen) p]erp(etuus) o[b l]iber(alitatem) / HS CCCL(milium) Syllae p(osuit) [d(ecreto) d(ecurionum)] p(ecunia) p(ublica)","provisional","Africa Proconsularis","Tunisia","Uthina","Oudhna","Amphitheater","117 AD - 138 AD","AE 2004, 1821. ","36.608969799,10.169698199","tabula","","",""
"HD052536","Imp(eratori) Caes(ari) M(arco) Aurelio / Antonino Aug(usto) Pio prin/cipi iuventutis Imp(eratoris) Caes(aris) L(uci) Septimi Severi Pii Pertinacis / Aug(usti) Arab(ici) Adiab(enici) Parthici max(imi) fil(io) / divi M(arci) Antonini Pii Germ(anici) Sarm(atici) nepo/ti divi Antonini Pii pronepoti divi / Hadr(iani) abnep(oti) divi Traiani Parthici / et divi Nervae adnepoti / praeterquam quod [[---]] / [[------]] / statuam togatam posuit item rei / publicae summam du(u)mviratus / legitimam intulit / M(arcus) Agrius Ulpius Primanus / IIvir ex reli[quiis] et liberali/[tate?] pollic[itus basem? po]suit","provisional","Africa Proconsularis","Tunisia","Bulla Regia","Hammam Darradji","","201 AD - 217 AD","AE 2004, 1875. ","36.555605,8.7505480000","statue base","honorific inscription","",""
"HD052537","[Imp(eratori) C]aes(ari) M(arco) Aurelio Antoni[n]o / [Aug(usto) P]io principi iuventutis / Imp(eratoris) Caes(aris) / L(uci) Septimi Severi Pii Perti/nacis Aug(usti) Arab(ici) Adiab(enici) Parthic(i) max(imi) / fil(io) divi M(arci) Antonini Pii Germ(anici) [Sarm(atici)] / nepoti divi Antonini Pii pronepoti di[vi] / Hadr(iani) abnep(oti) divi [Tr]aiani Parthici et / divi Nervae adne[po]ti / sede[m ---]L cum s[ta]tua / togata [[--- et filius?]] eius / Q(uintus) Domitius L(uci) fil(ius) Quir(ina) Pudens IIvir [---] / liberalitate pollicitus sua [pecunia?] / [summa]m(?) quo[que? hon]or(ariam) IIvi[r(atus) ---]","provisional","Africa Proconsularis","Tunisia","Bulla Regia","Hammam Darradji","","201 AD - 217 AD","AE 2004, 1876. ","36.555605,8.7505480000","statue base","honorific inscription","",""
"HD054896","[Aq]uiliae Q(uinti) f(iliae) Flaccillae [c(larissimae)? f(eminae)?] / Q(uintus) Silius L(uci) f(ilius) Arn(ensi) M[aur]us / amicus ob mer[ita] / quod beneficio l[ibe]/ralitate eius pa[t]ern[is] / necessitatibus exso/lutus dignitati[s s]uae / co[nse]rvatus est / d(ecreto) d(ecurionum)","provisional","Africa Proconsularis","Tunisia","Carthago","Qartāj (Carthage)","Wohnquartier, Haus, sekundär verwendet","71 AD - 130 AD","AE 2005, 1681. ","36.845650399,10.324803599","statue base?","honorific inscription","",""
"HD054901","At deas Caelestes argenteas fabricanda[s II ex HS --- mil(ibus) n(ummum) qu]ae Aburnius Avillius [Fe]lix testamento suo ab heredibus suis praestari voluit [rei p(ublicae)] ded[erunt] templum deae Caeles[tis Aug(ustae), ex] pollicitat[ione G]abini Ruf[i patris ob] honorem flamonii perp[etui] itemq(ue) Iuliae Gallitae matris ex HS LX mil(ibus) n(ummum) coeptum est inlatis q(uo)q(ue) rei p(ublicae) Thuggensium ante diem dedicationis HS XXX mil(ibus) [n(ummum)] die dedi[c]ationis rei p(ublicae) n[u]meratis ex testamento Avilli[ae --- f(iliae) V]enustae ex quorum red[i]tu sportulae et ludi praest[e]ntur Q(uintus) Gabinius Rufus Felix Beatianus multiplicata a se pecunia ob honorem parentum su[oru]m HS [--- mil(ibus) n(ummum) ad orna]men[tum patriae su]ae sua liberalitate constitutis [p]erfecit excoluit et cum statuis ceterisq(ue) solo privato dedicavit ludis edit(is) (da)tis sportulis et epulo et gymnasio","provisional","Africa Proconsularis","Tunisia","Thugga","Dougga","{Tempel der Dea Caelestis}","222 AD - 235 AD","AE 2005, 1689.  CIL 08, 26458.  ILAfr 514. ","36.422840722,9.2157268524","architectural member","building/dedicatory inscription","",""
"HD059114","[---] liber[alitates ---] / [---]alia [---] / [---] rei pu[blicae ---]","provisional","Africa Proconsularis","Libya","Sabratha","Şabrātah","Antoninentempel","101 AD - 300 AD","IRT 138. ","32.79335,12.48845","tabula","","Marmor",""
"HD059115","[--- mul]tas libera[litates ---] / [---] sua pecunia [---] / [---]t qu[a]driga[m ---] / [------","provisional","Africa Proconsularis","Libya","Sabratha","Şabrātah","Capitolium","101 AD - 300 AD","IRT 139. ","32.806778240,12.480617949","tabula","","Marmor","Zwei aneinanderpassende Fragmente erhalten."
"HD059425","[---]ano[---] / [--- trib(uno) mil(itum) leg(ionis) --- e]t II adiutr(icis) p(iae) f(idelis) [---] / do[nis donato ab Imp(eratoribus) Ant]onino et Vero [Aug(ustis) ---] / vex(ill-) a[rgente --- et corona vall]ari et cor(ona) mur(ali) q(uaestori) p[---] / act[---] Lepcita[ni ---] ob libe[ralitates ---] // [---]HAT[---] // [---] pro [---]","provisional","Africa Proconsularis","Libya","Lepcis Magna","Al Khums","{Hadriansthermen}","","IRT 552. ","32.635104678,14.291473783","tabula","","Marmor, weiß","Mehrere Fragmente, davon einige aneinanderpassend; nicht alle sicher zugehörig."
"HD059459","[--- flam]ini pon[tifici ---] / [--- univers]us ordo qua[---] / [---]uas ob muni[ficentiam ---] / [---]uit in verba is[---] / [---]nus ex testam[ento] / [--- d]e suo [---] / [------] / [---]QACA[---] / [--- i]nter ceteras [---] / [---]m TII[---] / [------] / [---]adit / [---]sint quo / [--- sententia]m dixit fide // [Q]uod expostulantibus universis decurio/nibus uti Plautio Lupo o(ptimo) o(rdinis) n(ostri) vir(o) biga de pub(lico) / collocetur q(uid) d(e) e(a) r(e) f(ieri) p(laceret) c(ensentis) L(uci) Cassi Longini II/vir(i) desig(nati) q(uid) p(laceret) c(irca) i(d) f(ieri) dec(uriones) i(ta) c(ensuerunt) cum Plautius Lupus / o(ptimus) o(rdinis) n(ostri) vir cum flamonium consensu / omnium sibi delatum libenter suscepis/set opulentissimos ludos ediderit sing/u(lariter)q(ue) magnificentissima liberalitate pro/meruerit in IIviratus quoq(ue) honore om/nia secundum splendorem natalium / [s]uorum dignitatemq(ue) col(oniae) n(ostrae) egerit et / [e]ffusissimis adfectibus iterum splen/didissimos ludos ediderit nec contentus / his liberalitatibus cellam thermar(um) / marmorib(us) Numidicis et opere musaeo ex/ornaverit omni deinde occasione singul(ariter) / [p]romeruerit et proxime cum ad munus publ(icum) / [e]x t(estamento) Iuni Afri c(larissimae) m(emoriae) viri edendum curator e/le[c]tus esset sollicitudini laboriq(ue) suo non pe/percerit et observata amplissimi senatus / voluntate splendidissime munus edi curaveri[t] / debentque huiusmodi adfectus / remunerari ut reliqui quoque ad eamdem volup/[tat]em sollicitari possint placere Plautio Lupo / o(ptimo) o(rdinis) n(ostri) v(iro) [bi]gam de publ(ico) ubi volet collocari pos/[se Plau]tius Lupus de suo collocaturum se dixit // [Quod expost]ulantibus uni/[versis dec]urionibus uti Plau/[tio Lupo IIvi]r(o) anni praeteriti ob / si[ngu]larem integritatem et mod/es[tiam s]imulque ob munificentiam / ei[us p]roximam bigam ei de publ(ico) po/n[eret]ur Acilius Pompeianus IIvir / v(erba) f(ecit) q(uid) d(e) e(a) r(e) f(ieri) p(laceret) cum Plautius Lupus secundu[m] / v[ere]c[u]ndiam suam v(erba) f(ecerit) ne onerare/t urbem cuius pubes fid(em) studium / in[--- d]ecurionum adoraret / co[n]tentumq(ue) auctoritate / ip[s]orum de suo si permit/t[er]ent positurum adq(ue) ita in / s[e]ntentiam M(arci) Rufi flam/i[ni]s perpetui q(uid) p(laceret) c(irca) i(d) f(ieri) dec(uriones) ce[n]/s[u]erunt ut Plautius Lu/pus sibi bigam quo loco / vellet de suo poneret","provisional","Africa Proconsularis","Libya","Lepcis Magna","Al Khums","{Hafen}","","IRT 601. ","32.638265042,14.299195186","base","honorific inscription","Marmor","Mittelteil einer Statuenbasis."
"HD064238","Imp(erator) Caes[ar] / M(arcus) Aurelius Sever[us] / Alexander Pius / Felix Aug(ustus) aquae/ductum divi / Hadriani parentis / sui liberalitate Dyr/rachinis factum et / vetustate pluribus / in locis vexatum resti/tuit set(!) et viam a co/lonia per millia(!) passuum / quattuor voraginibus / [------","checked with photo","Macedonia","Albania","Dyrrachium","Durrës","Erzen, Flussufer","222 AD - 235 AD","L. Heuzey, RA 6, 1862, 319-320.  L. Heuzey - H. Daumet, Mission archéologique de Macédoine (Paris 1876) 387-389, Nr. 172.  CIL 03, 00709.  P.C. Sestieri, Studime e Tekste 2, 1, 1943, 81-82, Nr. 44.  L. Miraj, Iliria 21, 1/2, 1991, 249-250.  L. Miraj, Caesaraugusta 71, 1995, 229-230.  M. Fasolo, La Via Egnatia 1. Da Apollonia e Dyrrachium ad Herakleia Lynkestidos (2. Aufl., Roma 2005) 52, Nr. 9. - AE 2003.  AE 2003, 1576.  S. Anamali - H. Ceka - É. Deniaux, Corpus des inscriptions latines d’Albanie (Rome 2009) 115-116, Nr. 142; Foto. (B)  U. Ehmig - R. Haensch, Die lateinischen Inschriften aus Albanien (LIA) (Bonn 2012) 367-369, Nr. 148; Foto. ","41.312382800,19.445180199","tabula","building/dedicatory inscription","Marmor","(B): Anamali - Ceka - Deniaux: Leseabweichungen."
